Nombres,Apellidos,id,email,user_id,age,occupation,FinancialGoals,RiskTolerance,FinancialPreference,FinancialOptions,FinalKnowledge,target_period,income_source,income_average,expenses_average,saving_plan,contribution
Rixjomh,Povna,718919,rixjomh.povna@gmail.com,718919,69,Controlador de tráfico aéreo,VIVIENDA,MODERADO,AHORRO,,AVANZADO,1 año,dependiente,548843,412840,NO,40
Cvlisikp,Boeaf,797826,cvlisikp.boeaf@yahoo.com,797826,38,Filósofos,VACACIONES,CONSERVADOR,AHORRO,,INTERMEDIO,10 años,ambos,823536,473397,SI,98
Dcii,Cmmvcq,617096,dcii.cmmvcq@outlook.com,617096,69,,VIVIENDA,ARRIESGADO,INVERSION,OTROS,NINGUNO,5 meses,dependiente,828342,485594,NO,59
Qcepsmwb,Xhvukxg,957587,qcepsmwb.xhvukxg@hotmail.com,957587,48,,JUBILACION,ARRIESGADO,INVERSION,ETFS,NINGUNO,5 meses,dependiente,868632,506774,NO,39
Rknj,Rumyz,120636,rknj.rumyz@gmail.com,120636,24,Agrónomo,VIVIENDA,CONSERVADOR,INVERSION,ACCIONES,BASICO,1 año,ambos,824883,772137,SI,13
Jtdka,Unglkjwg,771768,jtdka.unglkjwg@outlook.com,771768,62,Policía,OTROS,MODERADO,AHORRO,,NINGUNO,5 meses,jubilación,790220,519032,NO,93
Fpenirt,Xkhbq,134711,fpenirt.xkhbq@outlook.com,134711,53,Psicólogos,VACACIONES,CONSERVADOR,INVERSION,CDF,INTERMEDIO,5 meses,jubilación,501050,410166,SI,71
Grqovee,Ltgjsdcd,573330,grqovee.ltgjsdcd@hotmail.com,573330,52,Filósofos,EDUCACION,ARRIESGADO,AHORRO,,BASICO,10 años,ambos,488801,389975,NO,34
Ftaic,Qocvhw,961627,ftaic.qocvhw@hotmail.com,961627,24,Modelos de moda,JUBILACION,MODERADO,AHORRO,,BASICO,5 meses,independiente,850986,848159,SI,59
Ukto,Rfyilwa,428325,ukto.rfyilwa@outlook.com,428325,35,Fotógrafo,OTROS,MODERADO,INVERSION,ACCIONES,INTERMEDIO,10 años,independiente,415712,348772,SI,41
Tyretjek,Mppfycgqlw,529628,tyretjek.mppfycgqlw@yahoo.com,529628,47,Bibliotecario,IMPREVISTOS,MODERADO,AHORRO,,BASICO,10 años,dependiente,726157,562111,SI,51
Cdghnmc,Uyuieinyv,440158,cdghnmc.uyuieinyv@gmail.com,440158,32,Economista,VIVIENDA,ARRIESGADO,AHORRO,,AVANZADO,1 año,independiente,310170,296842,SI,64
Vwkef,Qyvok,157325,vwkef.qyvok@hotmail.com,157325,64,Matemático,VIVIENDA,CONSERVADOR,INVERSION,BONOS,BASICO,1 año,jubilación,299771,215435,NO,85
Dxbby,Wmtuhq,991310,dxbby.wmtuhq@yahoo.com,991310,31,,JUBILACION,CONSERVADOR,INVERSION,ETFS,AVANZADO,1 año,ambos,417145,412215,NO,79
Jqcg,Wwztltaqq,102410,jqcg.wwztltaqq@outlook.com,102410,45,Cocinero,JUBILACION,MODERADO,AHORRO,,NINGUNO,1 mes,dependiente,473858,407035,SI,39
Oapruj,Hieynzrxt,731217,oapruj.hieynzrxt@outlook.com,731217,37,Modelos de moda,LIBERTAD_FINANCIERA,CONSERVADOR,INVERSION,BONOS,BASICO,5 meses,independiente,821447,549129,NO,87
Jgtun,Dfhvnbz,880247,jgtun.dfhvnbz@gmail.com,880247,28,Modelos de moda,VIVIENDA,ARRIESGADO,AHORRO,,NINGUNO,5 meses,independiente,645557,632649,NO,32
Rgkyox,Esnur,697462,rgkyox.esnur@yahoo.com,697462,44,Asistente veterinario,OTROS,CONSERVADOR,AHORRO,,NINGUNO,1 mes,independiente,768333,398855,SI,9
Aqratvmb,Csqxpdgq,263621,aqratvmb.csqxpdgq@gmail.com,263621,52,Ingeniero químico,LIBERTAD_FINANCIERA,ARRIESGADO,INVERSION,OTROS,INTERMEDIO,10 años,ambos,882019,754020,NO,22
Yxwv,Eegmlreom,410453,yxwv.eegmlreom@hotmail.com,410453,37,Veterinario,LIBERTAD_FINANCIERA,ARRIESGADO,AHORRO,,BASICO,1 año,independiente,588565,364027,NO,95
Qbbljdkm,Sijiazepcl,239700,qbbljdkm.sijiazepcl@hotmail.com,239700,66,Ingeniero de telecomunicaciones,JUBILACION,MODERADO,INVERSION,OTROS,NINGUNO,1 año,jubilación,565813,515195,SI,40
Cgcrvkhm,Nbiaqm,694445,cgcrvkhm.nbiaqm@hotmail.com,694445,35,Matemático,PROYECTOS_LARGO_PLAZO,ARRIESGADO,INVERSION,OTROS,NINGUNO,1 mes,ambos,858953,766039,NO,65
Szpwnly,Biqzvppouq,945310,szpwnly.biqzvppouq@yahoo.com,945310,63,Mozos y taberneros,VACACIONES,ARRIESGADO,AHORRO,,NINGUNO,1 año,jubilación,776918,510375,SI,70
Rwbqonxr,Xbwppvdqn,741358,rwbqonxr.xbwppvdqn@outlook.com,741358,25,Músico,VIVIENDA,MODERADO,AHORRO,,AVANZADO,10 años,dependiente,339940,207689,NO,52
Dubjmerk,Skewn,452028,dubjmerk.skewn@outlook.com,452028,64,Directores general,IMPREVISTOS,MODERADO,INVERSION,BONOS,INTERMEDIO,1 año,ambos,305870,158332,NO,12
Fhsabtr,Osvpw,178034,fhsabtr.osvpw@yahoo.com,178034,65,Catador,IMPREVISTOS,ARRIESGADO,INVERSION,OTROS,BASICO,1 mes,independiente,712758,440682,NO,68
Carugbo,Ntpeyszvwd,255277,carugbo.ntpeyszvwd@outlook.com,255277,55,Filósofos,VIVIENDA,MODERADO,AHORRO,,AVANZADO,1 año,ambos,551752,482054,SI,85
Omkcg,Ytwrmdy,454478,omkcg.ytwrmdy@yahoo.com,454478,55,Cartógrafos y agrimensores,PROYECTOS_LARGO_PLAZO,CONSERVADOR,AHORRO,,BASICO,1 mes,independiente,352442,208194,SI,84
Silyp,Meevlo,317544,silyp.meevlo@yahoo.com,317544,30,Agente de bolsa,JUBILACION,ARRIESGADO,AHORRO,,INTERMEDIO,1 año,independiente,593725,297976,SI,80
Ntykhpg,Ltccrict,178980,ntykhpg.ltccrict@yahoo.com,178980,40,Asistente veterinario,LIBERTAD_FINANCIERA,CONSERVADOR,AHORRO,,NINGUNO,10 años,independiente,458701,438730,NO,29
Ckulaonz,Hqabcfg,264705,ckulaonz.hqabcfg@yahoo.com,264705,36,Directores general,OTROS,CONSERVADOR,INVERSION,CDF,NINGUNO,1 año,independiente,661268,518548,NO,79
Wbvatuu,Uemlcd,174235,wbvatuu.uemlcd@outlook.com,174235,52,Agente de viaje,EDUCACION,ARRIESGADO,AHORRO,,NINGUNO,1 mes,ambos,756023,730373,SI,36
Hlic,Qycjbidy,958995,hlic.qycjbidy@outlook.com,958995,30,Operador de máquina,VIVIENDA,MODERADO,AHORRO,,INTERMEDIO,1 mes,dependiente,830634,458221,SI,33
Wtlput,Oxgpaiwddm,735736,wtlput.oxgpaiwddm@gmail.com,735736,63,Actor,VIVIENDA,MODERADO,AHORRO,,INTERMEDIO,1 año,independiente,397553,395626,SI,13
Aqxzfzl,Trudxeu,119583,aqxzfzl.trudxeu@gmail.com,119583,41,Piloto,VIVIENDA,CONSERVADOR,INVERSION,ETFS,NINGUNO,1 mes,dependiente,868301,472605,NO,40
Xtrith,Eehqdjpc,920340,xtrith.eehqdjpc@yahoo.com,920340,70,Agente inmobiliario,VACACIONES,ARRIESGADO,INVERSION,OTROS,BASICO,1 año,dependiente,838159,780637,NO,21
Hbzz,Cjaachn,575640,hbzz.cjaachn@yahoo.com,575640,38,Operadores de equipos ópticos y electrónicos,OTROS,MODERADO,INVERSION,ETFS,NINGUNO,5 meses,ambos,682395,546548,NO,22
Fursaq,Eqnoe,447559,fursaq.eqnoe@gmail.com,447559,53,Matemático,LIBERTAD_FINANCIERA,CONSERVADOR,INVERSION,CDF,AVANZADO,1 año,jubilación,753284,684609,SI,54
Xnjugd,Cvwkl,687385,xnjugd.cvwkl@hotmail.com,687385,19,Ingeniero de telecomunicaciones,LIBERTAD_FINANCIERA,CONSERVADOR,AHORRO,,AVANZADO,5 meses,ambos,457234,357617,NO,27
Dntnujl,Uibjrut,134184,dntnujl.uibjrut@hotmail.com,134184,23,Bombero,IMPREVISTOS,CONSERVADOR,AHORRO,,BASICO,10 años,independiente,665070,521984,SI,85
Cibjccko,Dibdahcw,897326,cibjccko.dibdahcw@outlook.com,897326,48,Conductor,PROYECTOS_LARGO_PLAZO,CONSERVADOR,INVERSION,OTROS,BASICO,1 año,dependiente,500961,402763,NO,29
Tgqngg,Cnwyca,918814,tgqngg.cnwyca@hotmail.com,918814,46,Ingeniero electricista,VACACIONES,MODERADO,INVERSION,CDF,AVANZADO,1 año,dependiente,854344,495184,SI,93
Gnyv,Tpvpuvn,943393,gnyv.tpvpuvn@hotmail.com,943393,68,Conserje,EDUCACION,ARRIESGADO,INVERSION,BONOS,INTERMEDIO,1 año,dependiente,853039,497328,SI,51
Trrqk,Mvnclfbq,423284,trrqk.mvnclfbq@outlook.com,423284,31,Ingeniero electricista,IMPREVISTOS,ARRIESGADO,AHORRO,,NINGUNO,1 mes,dependiente,897240,648880,NO,61
Qkbec,Okywleqgw,549818,qkbec.okywleqgw@gmail.com,549818,40,Contador,LIBERTAD_FINANCIERA,CONSERVADOR,AHORRO,,INTERMEDIO,5 meses,dependiente,567043,369242,NO,78
Xzinm,Mydofb,284626,xzinm.mydofb@outlook.com,284626,56,Fisioterapeuta,IMPREVISTOS,MODERADO,INVERSION,OTROS,AVANZADO,1 año,dependiente,896480,794120,SI,15
Ojguz,Jjleqhgkjx,144221,ojguz.jjleqhgkjx@outlook.com,144221,20,Directores general,OTROS,ARRIESGADO,AHORRO,,INTERMEDIO,1 mes,dependiente,593759,442407,NO,57
Qzcdyi,Rhbuxk,751315,qzcdyi.rhbuxk@gmail.com,751315,44,Controlador de tráfico aéreo,PROYECTOS_LARGO_PLAZO,ARRIESGADO,INVERSION,ETFS,INTERMEDIO,10 años,dependiente,772533,460363,NO,90
Iubnmgea,Adkbalizy,692785,iubnmgea.adkbalizy@yahoo.com,692785,45,Farmacéutico,EDUCACION,MODERADO,AHORRO,,AVANZADO,10 años,independiente,673414,591378,NO,53
Jqgbkk,Zyazlaihyr,828210,jqgbkk.zyazlaihyr@hotmail.com,828210,48,Ingeniero mecánico,VACACIONES,ARRIESGADO,AHORRO,,AVANZADO,1 año,ambos,821610,628730,SI,76
Wyqncv,Ngrvsf,847724,wyqncv.ngrvsf@hotmail.com,847724,29,Físicos,PROYECTOS_LARGO_PLAZO,MODERADO,INVERSION,CDEARS,INTERMEDIO,1 mes,dependiente,425006,320156,SI,5
Qpybtz,Jbpyfa,840438,qpybtz.jbpyfa@yahoo.com,840438,29,Ingeniero mecánico,PROYECTOS_LARGO_PLAZO,MODERADO,INVERSION,ACCIONES,INTERMEDIO,1 año,dependiente,517166,336764,SI,7
Scdprvx,Jkwrqgf,489311,scdprvx.jkwrqgf@gmail.com,489311,68,Catador,EDUCACION,MODERADO,INVERSION,CDF,AVANZADO,10 años,dependiente,411214,348598,NO,91
Fmssyc,Kthdz,995153,fmssyc.kthdz@hotmail.com,995153,62,,VACACIONES,CONSERVADOR,AHORRO,,NINGUNO,1 mes,jubilación,873863,653549,SI,82
Zvgawv,Skunspzrwr,249182,zvgawv.skunspzrwr@gmail.com,249182,37,Ingenieros de minas,VACACIONES,MODERADO,AHORRO,,AVANZADO,1 año,independiente,839994,587528,SI,88
Nxcij,Hzrkysie,499982,nxcij.hzrkysie@hotmail.com,499982,58,Policía,LIBERTAD_FINANCIERA,CONSERVADOR,INVERSION,CDEARS,BASICO,1 mes,ambos,598465,474706,NO,76
Peqf,Jxswyia,919771,peqf.jxswyia@hotmail.com,919771,21,Ingeniero civil,VACACIONES,CONSERVADOR,AHORRO,,BASICO,1 mes,dependiente,772673,682545,SI,76
Tquch,Citnu,229883,tquch.citnu@gmail.com,229883,65,,PROYECTOS_LARGO_PLAZO,ARRIESGADO,INVERSION,CDEARS,BASICO,1 año,independiente,800738,721385,NO,29
Kdnvad,Mmexsnfmtg,601839,kdnvad.mmexsnfmtg@yahoo.com,601839,66,Ingeniero electricista,OTROS,MODERADO,AHORRO,,BASICO,1 año,independiente,456838,287598,SI,64
Tkntveg,Nhlenxr,951838,tkntveg.nhlenxr@gmail.com,951838,55,Cocinero,JUBILACION,MODERADO,INVERSION,OTROS,INTERMEDIO,10 años,independiente,479919,470751,NO,37
Buixu,Fjjapbd,361157,buixu.fjjapbd@gmail.com,361157,39,Físicos,OTROS,MODERADO,INVERSION,CDEARS,NINGUNO,1 año,dependiente,409758,312407,NO,18
Booq,Btuzjmoaeg,784032,booq.btuzjmoaeg@yahoo.com,784032,25,Ingeniero civil,OTROS,MODERADO,AHORRO,,AVANZADO,1 mes,independiente,674163,534638,NO,14
Kwve,Eqfwqjzv,345648,kwve.eqfwqjzv@yahoo.com,345648,45,,VIVIENDA,ARRIESGADO,INVERSION,ACCIONES,AVANZADO,10 años,ambos,336871,186908,SI,62
Nqjqx,Ogvolqta,177895,nqjqx.ogvolqta@gmail.com,177895,58,Coreógrafo,PROYECTOS_LARGO_PLAZO,ARRIESGADO,INVERSION,CDF,AVANZADO,10 años,ambos,728913,486046,SI,69
Ojkcg,Otcwhoctq,912660,ojkcg.otcwhoctq@gmail.com,912660,57,Agente de seguros,PROYECTOS_LARGO_PLAZO,CONSERVADOR,AHORRO,,BASICO,5 meses,ambos,774874,420994,SI,21
Lzzoyvsd,Nabblszqq,978824,lzzoyvsd.nabblszqq@hotmail.com,978824,59,Agente de bolsa,VACACIONES,CONSERVADOR,INVERSION,ETFS,AVANZADO,10 años,independiente,612253,504070,NO,84
Frlvg,Mkxoqymmxf,985550,frlvg.mkxoqymmxf@yahoo.com,985550,46,Gerentes de empresas,EDUCACION,MODERADO,AHORRO,,BASICO,1 mes,independiente,706492,432468,SI,19
Ntgkebe,Oerhdghm,553100,ntgkebe.oerhdghm@gmail.com,553100,49,,EDUCACION,CONSERVADOR,AHORRO,,NINGUNO,1 año,independiente,774548,598907,NO,76
Jdfavxc,Iuumxvapr,243659,jdfavxc.iuumxvapr@gmail.com,243659,61,Arquitecto,EDUCACION,MODERADO,AHORRO,,NINGUNO,1 mes,dependiente,361294,325479,SI,58
Sixykahh,Pyqni,884773,sixykahh.pyqni@yahoo.com,884773,44,Conductor,VIVIENDA,CONSERVADOR,INVERSION,BONOS,NINGUNO,5 meses,independiente,546621,305678,NO,100
Hliafs,Jbkainy,201084,hliafs.jbkainy@outlook.com,201084,41,Controlador de tráfico aéreo,EDUCACION,ARRIESGADO,INVERSION,CDEARS,AVANZADO,10 años,dependiente,335579,199831,NO,45
Nkumxjv,Zoxzb,590713,nkumxjv.zoxzb@gmail.com,590713,56,Músico,OTROS,ARRIESGADO,INVERSION,ETFS,AVANZADO,1 mes,independiente,440719,293234,NO,84
Dzuujovj,Nffiuvoea,155071,dzuujovj.nffiuvoea@outlook.com,155071,32,Modelos de moda,LIBERTAD_FINANCIERA,MODERADO,AHORRO,,INTERMEDIO,1 mes,dependiente,700058,442873,SI,27
Sihecxmr,Srtgi,349811,sihecxmr.srtgi@hotmail.com,349811,19,Agrónomo,PROYECTOS_LARGO_PLAZO,ARRIESGADO,INVERSION,CDF,NINGUNO,1 año,independiente,599770,503437,NO,99
Vqsaaj,Uonaxx,669775,vqsaaj.uonaxx@yahoo.com,669775,41,Agente de seguros,OTROS,CONSERVADOR,INVERSION,OTROS,AVANZADO,1 mes,dependiente,603429,511925,SI,11
Rtpw,Mfqpwxgwqn,676269,rtpw.mfqpwxgwqn@gmail.com,676269,29,Ingeniero civil,PROYECTOS_LARGO_PLAZO,CONSERVADOR,INVERSION,ETFS,NINGUNO,5 meses,ambos,698104,401885,NO,9
Rikz,Udrkw,752064,rikz.udrkw@hotmail.com,752064,34,Chapistas y caldereros,OTROS,CONSERVADOR,AHORRO,,INTERMEDIO,5 meses,independiente,428120,307520,NO,17
Sgdzclwi,Pshcwnf,340458,sgdzclwi.pshcwnf@gmail.com,340458,49,Operador,PROYECTOS_LARGO_PLAZO,ARRIESGADO,INVERSION,CDEARS,BASICO,1 mes,dependiente,517752,498045,NO,11
Kfwloscv,Chhbgft,445580,kfwloscv.chhbgft@gmail.com,445580,62,Ingeniero mecánico,IMPREVISTOS,ARRIESGADO,INVERSION,ETFS,INTERMEDIO,1 año,ambos,740281,640856,SI,82
Shbdwagj,Iesnr,556361,shbdwagj.iesnr@yahoo.com,556361,53,Actor,EDUCACION,CONSERVADOR,AHORRO,,NINGUNO,10 años,independiente,647309,370533,SI,88
Vswqxp,Hcylbkmi,110331,vswqxp.hcylbkmi@hotmail.com,110331,64,Dentista,LIBERTAD_FINANCIERA,CONSERVADOR,INVERSION,OTROS,BASICO,1 año,ambos,725715,382787,NO,36
Elcu,Pdaxt,311297,elcu.pdaxt@hotmail.com,311297,21,Fisioterapeuta,IMPREVISTOS,CONSERVADOR,AHORRO,,INTERMEDIO,5 meses,dependiente,886044,568504,SI,84
Nhwa,Msgem,641401,nhwa.msgem@gmail.com,641401,30,Sociólogos,JUBILACION,CONSERVADOR,AHORRO,,BASICO,1 año,dependiente,564612,365442,NO,61
Euzlbgoh,Fpmddxod,825245,euzlbgoh.fpmddxod@outlook.com,825245,67,Conserje,LIBERTAD_FINANCIERA,CONSERVADOR,AHORRO,,NINGUNO,1 año,independiente,368566,243128,NO,36
Bsoabgbu,Voexo,949996,bsoabgbu.voexo@yahoo.com,949996,55,,VACACIONES,ARRIESGADO,AHORRO,,AVANZADO,1 mes,jubilación,686570,414602,SI,11
Dzaqb,Nkhqp,707040,dzaqb.nkhqp@gmail.com,707040,70,Veterinario,VACACIONES,MODERADO,INVERSION,ACCIONES,AVANZADO,1 año,independiente,434227,251070,NO,70
Bmhm,Pxuiw,936399,bmhm.pxuiw@yahoo.com,936399,51,Profesionales del trabajo social,LIBERTAD_FINANCIERA,ARRIESGADO,INVERSION,ETFS,INTERMEDIO,5 meses,independiente,494522,436436,NO,15
Gxjjatc,Jgfpey,442536,gxjjatc.jgfpey@yahoo.com,442536,42,Operadores de equipos ópticos y electrónicos,EDUCACION,ARRIESGADO,INVERSION,CDEARS,BASICO,10 años,independiente,688340,444799,SI,55
Acndc,Hyhqvjbdwq,903129,acndc.hyhqvjbdwq@hotmail.com,903129,26,Fisioterapeuta,JUBILACION,MODERADO,INVERSION,CDEARS,INTERMEDIO,1 año,ambos,416918,322829,NO,11
Wpknrk,Cxvhch,401972,wpknrk.cxvhch@hotmail.com,401972,34,Ingeniero químico,PROYECTOS_LARGO_PLAZO,MODERADO,INVERSION,ACCIONES,INTERMEDIO,1 año,dependiente,363652,290846,NO,17
Vdqqjbat,Qlgygda,689992,vdqqjbat.qlgygda@hotmail.com,689992,41,Escritor,VACACIONES,CONSERVADOR,AHORRO,,BASICO,5 meses,dependiente,419096,211493,NO,28
Dlaghs,Gddglr,252016,dlaghs.gddglr@outlook.com,252016,25,Estadístico,PROYECTOS_LARGO_PLAZO,MODERADO,AHORRO,,AVANZADO,10 años,dependiente,875512,530632,NO,94
Qcocpo,Tsoiiuzbl,688938,qcocpo.tsoiiuzbl@yahoo.com,688938,58,Programador informático,IMPREVISTOS,CONSERVADOR,AHORRO,,NINGUNO,10 años,jubilación,605203,327375,SI,36
Dkvgr,Mzrlz,229906,dkvgr.mzrlz@outlook.com,229906,27,Agentes comerciales y corredores,EDUCACION,MODERADO,AHORRO,,AVANZADO,1 año,ambos,289943,238574,SI,50
Pblbuuec,Roxhekkz,912393,pblbuuec.roxhekkz@yahoo.com,912393,60,,EDUCACION,MODERADO,AHORRO,,INTERMEDIO,1 mes,independiente,747584,401565,NO,12
Xqaxfafg,Wrkphdkve,432656,xqaxfafg.wrkphdkve@yahoo.com,432656,49,Bombero,EDUCACION,ARRIESGADO,AHORRO,,AVANZADO,1 mes,jubilación,750159,521983,SI,48
Adngxfs,Hszjzdom,576958,adngxfs.hszjzdom@gmail.com,576958,58,Locutores de radio y televisión y afines,VACACIONES,CONSERVADOR,INVERSION,OTROS,NINGUNO,1 mes,ambos,703299,489927,NO,74
Eqlaorfr,Cplmycgilk,788097,eqlaorfr.cplmycgilk@yahoo.com,788097,42,Cocinero,JUBILACION,CONSERVADOR,AHORRO,,INTERMEDIO,1 año,independiente,681168,380123,SI,2
Ynoo,Vlkagajtf,435107,ynoo.vlkagajtf@gmail.com,435107,32,Cartógrafos y agrimensores,EDUCACION,CONSERVADOR,INVERSION,OTROS,NINGUNO,10 años,ambos,696231,444518,SI,81
Dfqv,Whfscwe,330305,dfqv.whfscwe@gmail.com,330305,45,Arquitecto,JUBILACION,MODERADO,INVERSION,ACCIONES,INTERMEDIO,1 año,ambos,573913,494705,NO,56
Pzvedagc,Gyzna,192722,pzvedagc.gyzna@hotmail.com,192722,19,Estudiante,JUBILACION,ARRIESGADO,AHORRO,,NINGUNO,5 meses,independiente,398598,326268,SI,19
Lfcxfwy,Uxjlysfuv,422985,lfcxfwy.uxjlysfuv@yahoo.com,422985,55,Farmacéutico,OTROS,MODERADO,INVERSION,ACCIONES,NINGUNO,1 mes,dependiente,601699,505479,SI,10
Ngmw,Ekxughfpui,610560,ngmw.ekxughfpui@hotmail.com,610560,24,Geólogo,JUBILACION,MODERADO,AHORRO,,INTERMEDIO,10 años,dependiente,407859,315893,SI,91
Viveuig,Zjfqpgsc,260225,viveuig.zjfqpgsc@hotmail.com,260225,69,Arquitecto,JUBILACION,CONSERVADOR,AHORRO,,BASICO,10 años,jubilación,291725,273032,NO,77
Zsyew,Sffvswtgg,367403,zsyew.sffvswtgg@hotmail.com,367403,55,Biólogo,LIBERTAD_FINANCIERA,ARRIESGADO,INVERSION,ETFS,INTERMEDIO,10 años,jubilación,409576,261854,SI,91
Hfcs,Pqvdluc,279731,hfcs.pqvdluc@outlook.com,279731,49,Piloto,LIBERTAD_FINANCIERA,CONSERVADOR,INVERSION,ACCIONES,INTERMEDIO,1 año,independiente,719176,684462,SI,33
Gecbipzl,Jisnaeqxt,741358,gecbipzl.jisnaeqxt@outlook.com,741358,51,Estadístico,IMPREVISTOS,CONSERVADOR,AHORRO,,BASICO,10 años,ambos,497814,251326,NO,6
Ycpst,Tafzblszcq,752654,ycpst.tafzblszcq@yahoo.com,752654,23,,LIBERTAD_FINANCIERA,MODERADO,INVERSION,ACCIONES,INTERMEDIO,1 mes,dependiente,324120,282689,SI,36
Zogr,Quoqqj,664579,zogr.quoqqj@hotmail.com,664579,35,Ingenieros de minas,VACACIONES,ARRIESGADO,AHORRO,,NINGUNO,1 año,independiente,873286,604612,NO,8
Mzpzyn,Ssyphqdri,431842,mzpzyn.ssyphqdri@gmail.com,431842,32,Directores general,LIBERTAD_FINANCIERA,CONSERVADOR,INVERSION,CDF,NINGUNO,10 años,dependiente,824131,807836,SI,15
Gexd,Ynwmoyv,915429,gexd.ynwmoyv@yahoo.com,915429,62,Operador,IMPREVISTOS,MODERADO,INVERSION,OTROS,INTERMEDIO,1 mes,jubilación,376824,373930,SI,84
Iyucjr,Pnalfkur,733080,iyucjr.pnalfkur@gmail.com,733080,38,Veterinario,LIBERTAD_FINANCIERA,MODERADO,AHORRO,,NINGUNO,1 año,independiente,487277,340109,SI,83
Johgh,Uwktyw,545768,johgh.uwktyw@yahoo.com,545768,25,Cartógrafos y agrimensores,EDUCACION,ARRIESGADO,INVERSION,CDEARS,BASICO,1 mes,independiente,768305,696541,SI,53
Wourrwj,Jmlgqyc,352086,wourrwj.jmlgqyc@yahoo.com,352086,53,Dentista,OTROS,CONSERVADOR,INVERSION,CDF,NINGUNO,5 meses,dependiente,613620,493460,NO,19
Btqcjr,Hofjsvbjva,489169,btqcjr.hofjsvbjva@hotmail.com,489169,36,Cocinero,VACACIONES,CONSERVADOR,AHORRO,,BASICO,1 año,independiente,535604,487695,NO,56
Zqpbjiuf,Ewguoisxvb,237217,zqpbjiuf.ewguoisxvb@hotmail.com,237217,66,Técnicos en seguridad aeronáutica,PROYECTOS_LARGO_PLAZO,MODERADO,INVERSION,BONOS,AVANZADO,1 año,dependiente,758405,414844,SI,50
Xtry,Pmfjot,667521,xtry.pmfjot@outlook.com,667521,50,,IMPREVISTOS,MODERADO,INVERSION,CDEARS,BASICO,5 meses,dependiente,556395,467235,SI,61
Tfuu,Hfzikvp,790203,tfuu.hfzikvp@outlook.com,790203,32,Veterinario,PROYECTOS_LARGO_PLAZO,ARRIESGADO,AHORRO,,NINGUNO,10 años,independiente,811962,733498,SI,63
Vlrw,Uehwqdhmv,252745,vlrw.uehwqdhmv@outlook.com,252745,28,Agentes público,OTROS,MODERADO,AHORRO,,AVANZADO,1 mes,dependiente,504672,427515,NO,83
Saimsy,Ctinec,336955,saimsy.ctinec@yahoo.com,336955,47,Actor,VACACIONES,CONSERVADOR,AHORRO,,BASICO,5 meses,independiente,747652,489452,SI,18
Srojkk,Ibvrkltlnz,919912,srojkk.ibvrkltlnz@hotmail.com,919912,21,Personal doméstico,LIBERTAD_FINANCIERA,MODERADO,AHORRO,,INTERMEDIO,1 mes,dependiente,388370,233856,NO,60
Bwcr,Awlpe,179964,bwcr.awlpe@gmail.com,179964,62,Contador,PROYECTOS_LARGO_PLAZO,ARRIESGADO,AHORRO,,AVANZADO,5 meses,independiente,718752,655131,NO,10
Vosouu,Wcnyx,810384,vosouu.wcnyx@yahoo.com,810384,70,Conductor,VACACIONES,ARRIESGADO,AHORRO,,AVANZADO,10 años,independiente,635550,500182,SI,52
Sxnwll,Pnbihk,847403,sxnwll.pnbihk@outlook.com,847403,42,Mozos y taberneros,VACACIONES,CONSERVADOR,AHORRO,,BASICO,10 años,ambos,521863,508954,NO,49
Omoeidi,Yqdbjqh,615319,omoeidi.yqdbjqh@hotmail.com,615319,29,Mecánico,VIVIENDA,CONSERVADOR,INVERSION,ETFS,NINGUNO,1 año,independiente,483025,283211,SI,85
Ychctz,Tgkhrlla,200070,ychctz.tgkhrlla@gmail.com,200070,50,Veterinario,OTROS,MODERADO,AHORRO,,INTERMEDIO,5 meses,independiente,765220,408134,SI,27
Wqdxpkcn,Nyputwzh,137471,wqdxpkcn.nyputwzh@gmail.com,137471,64,Creadores y analistas de sistemas informáticos,JUBILACION,ARRIESGADO,INVERSION,BONOS,AVANZADO,10 años,dependiente,435171,225444,NO,89
Hebaf,Uubmb,215038,hebaf.uubmb@yahoo.com,215038,30,Sociólogos,VIVIENDA,CONSERVADOR,INVERSION,CDEARS,AVANZADO,10 años,dependiente,721996,476711,SI,89
Qcuaxjxl,Xtetvrsow,266211,qcuaxjxl.xtetvrsow@yahoo.com,266211,37,Fisioterapeuta,LIBERTAD_FINANCIERA,CONSERVADOR,INVERSION,CDF,BASICO,1 año,ambos,642037,550332,SI,5
Ibxfvs,Ncwtdqjlel,260066,ibxfvs.ncwtdqjlel@yahoo.com,260066,37,Locutores de radio y televisión y afines,JUBILACION,ARRIESGADO,AHORRO,,BASICO,5 meses,dependiente,647534,638411,SI,91
Vqcxh,Vqiixfbz,129863,vqcxh.vqiixfbz@outlook.com,129863,56,Cocinero,JUBILACION,MODERADO,AHORRO,,AVANZADO,10 años,independiente,355286,304917,NO,6
Qcosfckj,Ycglqdaef,385310,qcosfckj.ycglqdaef@gmail.com,385310,31,Agentes comerciales y corredores,OTROS,CONSERVADOR,INVERSION,BONOS,INTERMEDIO,10 años,independiente,701593,678307,SI,51
Eslkfee,Txnmskl,424920,eslkfee.txnmskl@gmail.com,424920,21,Actor,LIBERTAD_FINANCIERA,CONSERVADOR,INVERSION,CDEARS,AVANZADO,5 meses,ambos,567143,545402,NO,49
Bpufxdi,Ezffbgvf,141829,bpufxdi.ezffbgvf@outlook.com,141829,24,,VACACIONES,MODERADO,INVERSION,BONOS,BASICO,10 años,ambos,773368,532320,NO,52
Qmdtrbiz,Gqzgh,549537,qmdtrbiz.gqzgh@hotmail.com,549537,51,Personal doméstico,PROYECTOS_LARGO_PLAZO,CONSERVADOR,INVERSION,ETFS,INTERMEDIO,1 mes,independiente,789858,626705,NO,63
Eptyquky,Zmiee,972038,eptyquky.zmiee@outlook.com,972038,64,Programador informático,EDUCACION,CONSERVADOR,AHORRO,,AVANZADO,5 meses,independiente,414482,389203,SI,72
Ylcoujip,Sxlbazds,587080,ylcoujip.sxlbazds@hotmail.com,587080,59,Agente inmobiliario,IMPREVISTOS,CONSERVADOR,INVERSION,CDEARS,NINGUNO,10 años,dependiente,676516,592159,NO,74
Woprisb,Ooajdk,861767,woprisb.ooajdk@yahoo.com,861767,46,Químico,OTROS,CONSERVADOR,INVERSION,CDF,NINGUNO,5 meses,dependiente,693818,579989,NO,59
Fnaji,Ydhcboytc,716299,fnaji.ydhcboytc@hotmail.com,716299,25,Farmacéutico,OTROS,MODERADO,AHORRO,,NINGUNO,1 año,independiente,344529,262103,NO,98
Qzukkze,Ithikpuagu,495953,qzukkze.ithikpuagu@hotmail.com,495953,54,Fotógrafo,LIBERTAD_FINANCIERA,ARRIESGADO,INVERSION,BONOS,BASICO,1 año,independiente,535221,413842,NO,34
Enjuwmb,Jivmfz,706519,enjuwmb.jivmfz@outlook.com,706519,59,Psicólogos,VACACIONES,ARRIESGADO,INVERSION,BONOS,AVANZADO,5 meses,dependiente,558302,425509,NO,94
Eozb,Okpvycr,457596,eozb.okpvycr@yahoo.com,457596,70,Agricultor,PROYECTOS_LARGO_PLAZO,MODERADO,AHORRO,,NINGUNO,10 años,ambos,347267,193614,NO,6
Ytqkt,Xvrwphe,594400,ytqkt.xvrwphe@gmail.com,594400,45,Abogado,VIVIENDA,CONSERVADOR,INVERSION,CDF,INTERMEDIO,5 meses,ambos,838855,466787,SI,85
Rckidll,Ldhandy,555742,rckidll.ldhandy@outlook.com,555742,41,Locutores de radio y televisión y afines,VACACIONES,ARRIESGADO,INVERSION,CDEARS,NINGUNO,10 años,ambos,852569,624819,NO,66
Vmjdjf,Pbttzdzk,478756,vmjdjf.pbttzdzk@gmail.com,478756,49,,LIBERTAD_FINANCIERA,MODERADO,AHORRO,,BASICO,1 mes,jubilación,848739,808591,SI,39
Tbtyftji,Tynwpjht,608306,tbtyftji.tynwpjht@gmail.com,608306,52,Chapistas y caldereros,JUBILACION,CONSERVADOR,AHORRO,,NINGUNO,5 meses,ambos,335215,306192,SI,2
Gktyeqew,Nwmkeu,912272,gktyeqew.nwmkeu@yahoo.com,912272,29,Arquitecto,EDUCACION,MODERADO,INVERSION,OTROS,BASICO,1 año,ambos,757533,741082,NO,15
Teyt,Ubgjnroxlf,170195,teyt.ubgjnroxlf@hotmail.com,170195,47,Conserje,EDUCACION,CONSERVADOR,INVERSION,OTROS,INTERMEDIO,1 año,ambos,722848,696528,SI,62
Epgmfh,Hturdaf,141873,epgmfh.hturdaf@gmail.com,141873,35,Piloto,EDUCACION,CONSERVADOR,AHORRO,,BASICO,1 mes,dependiente,439539,404849,NO,72
Bpug,Kruyhwxzkc,157923,bpug.kruyhwxzkc@outlook.com,157923,35,Abogado,VACACIONES,CONSERVADOR,AHORRO,,NINGUNO,1 año,dependiente,817200,514629,SI,41
Wkwc,Irwfe,241505,wkwc.irwfe@hotmail.com,241505,26,Veterinario,LIBERTAD_FINANCIERA,CONSERVADOR,INVERSION,ACCIONES,INTERMEDIO,5 meses,independiente,337661,261388,NO,73
Cnmdo,Rkyijetodm,482782,cnmdo.rkyijetodm@outlook.com,482782,25,Fisioterapeuta,JUBILACION,ARRIESGADO,AHORRO,,NINGUNO,1 mes,ambos,736872,677144,NO,14
Ojfscjg,Lzwnhppfwx,663037,ojfscjg.lzwnhppfwx@outlook.com,663037,54,Programador informático,VACACIONES,ARRIESGADO,INVERSION,ACCIONES,AVANZADO,10 años,independiente,641788,407165,NO,5
Ghfjvo,Hfjjpfueno,580722,ghfjvo.hfjjpfueno@hotmail.com,580722,33,,IMPREVISTOS,MODERADO,AHORRO,,NINGUNO,5 meses,dependiente,396674,275735,NO,66
Zykppccl,Fiuxsqs,889988,zykppccl.fiuxsqs@gmail.com,889988,68,Personal doméstico,JUBILACION,CONSERVADOR,INVERSION,ACCIONES,INTERMEDIO,5 meses,jubilación,372502,334243,NO,24
Xucbcu,Eliryjnw,592126,xucbcu.eliryjnw@hotmail.com,592126,50,Economista,PROYECTOS_LARGO_PLAZO,ARRIESGADO,AHORRO,,INTERMEDIO,1 mes,ambos,788316,535821,SI,74
Xljfbn,Rzylecyk,590645,xljfbn.rzylecyk@yahoo.com,590645,30,,PROYECTOS_LARGO_PLAZO,CONSERVADOR,AHORRO,,INTERMEDIO,1 año,jubilación,314389,233404,NO,65
Tlmwymy,Kpirszp,875810,tlmwymy.kpirszp@gmail.com,875810,40,Modelos de moda,OTROS,MODERADO,AHORRO,,AVANZADO,5 meses,ambos,309465,297996,SI,93
Vhujyhlg,Ettmrbcwmi,951602,vhujyhlg.ettmrbcwmi@gmail.com,951602,49,Ingeniero civil,LIBERTAD_FINANCIERA,MODERADO,INVERSION,OTROS,INTERMEDIO,10 años,dependiente,394237,215823,NO,49
Fjln,Tmdxyuipzy,832552,fjln.tmdxyuipzy@yahoo.com,832552,64,,LIBERTAD_FINANCIERA,ARRIESGADO,INVERSION,OTROS,INTERMEDIO,1 año,independiente,875339,841578,SI,37
Uwewfgjp,Hcxhxv,985176,uwewfgjp.hcxhxv@yahoo.com,985176,27,Técnico,VACACIONES,ARRIESGADO,INVERSION,ETFS,AVANZADO,1 mes,ambos,282667,234657,SI,6
Olcmasil,Jtoosiky,149287,olcmasil.jtoosiky@yahoo.com,149287,20,Coreógrafo,VACACIONES,CONSERVADOR,AHORRO,,BASICO,1 año,dependiente,287813,239407,SI,74
Uajpn,Tepqitmsk,213387,uajpn.tepqitmsk@yahoo.com,213387,24,Piloto,OTROS,CONSERVADOR,INVERSION,ETFS,INTERMEDIO,10 años,dependiente,536766,298942,NO,65
Djvliln,Juvxy,945842,djvliln.juvxy@gmail.com,945842,46,Agente de seguros,VACACIONES,CONSERVADOR,AHORRO,,BASICO,1 mes,dependiente,620994,379477,SI,27
Ujygbyu,Hymzsfq,557378,ujygbyu.hymzsfq@gmail.com,557378,60,Físicos,JUBILACION,MODERADO,INVERSION,ETFS,NINGUNO,5 meses,ambos,490910,264046,NO,75
Zqigc,Uoaoxyvtor,125549,zqigc.uoaoxyvtor@hotmail.com,125549,38,Fotógrafo,OTROS,MODERADO,INVERSION,CDEARS,INTERMEDIO,5 meses,ambos,899213,656627,SI,76
Tcyph,Iplnfjsw,800681,tcyph.iplnfjsw@outlook.com,800681,23,Estudiante,LIBERTAD_FINANCIERA,ARRIESGADO,AHORRO,,BASICO,10 años,independiente,646469,605765,SI,55
Zzsmqtv,Aktcd,333303,zzsmqtv.aktcd@gmail.com,333303,26,Físicos,VIVIENDA,ARRIESGADO,AHORRO,,INTERMEDIO,1 mes,dependiente,433662,269627,NO,34
Rrlm,Ewgfprl,223506,rrlm.ewgfprl@gmail.com,223506,20,Recepcionista,EDUCACION,CONSERVADOR,AHORRO,,BASICO,1 año,dependiente,313700,193504,SI,80
Wialksch,Wtqpouje,408204,wialksch.wtqpouje@yahoo.com,408204,30,Ingeniero de telecomunicaciones,JUBILACION,ARRIESGADO,AHORRO,,AVANZADO,1 mes,independiente,446278,276450,SI,34
Oxlbggxz,Ndxuwimzn,386587,oxlbggxz.ndxuwimzn@outlook.com,386587,50,Mecánico,PROYECTOS_LARGO_PLAZO,ARRIESGADO,INVERSION,BONOS,NINGUNO,5 meses,independiente,655273,434119,NO,65
Cdslckyv,Zsbkhgs,465231,cdslckyv.zsbkhgs@yahoo.com,465231,49,Bombero,VACACIONES,CONSERVADOR,INVERSION,OTROS,NINGUNO,10 años,ambos,632065,493966,NO,71
Gmlu,Ygwns,214190,gmlu.ygwns@hotmail.com,214190,24,Agente de bolsa,JUBILACION,CONSERVADOR,INVERSION,BONOS,BASICO,10 años,ambos,688285,460906,NO,52
Lxicdtc,Swzrt,404727,lxicdtc.swzrt@hotmail.com,404727,36,,PROYECTOS_LARGO_PLAZO,CONSERVADOR,INVERSION,ETFS,AVANZADO,5 meses,ambos,436150,335154,NO,64
Lahaviwk,Uexonnso,869556,lahaviwk.uexonnso@hotmail.com,869556,24,Modelos de moda,VACACIONES,CONSERVADOR,INVERSION,OTROS,NINGUNO,1 año,ambos,622710,478805,NO,8
Jpqzjbyw,Aitzicvlmc,119471,jpqzjbyw.aitzicvlmc@yahoo.com,119471,34,Chapistas y caldereros,IMPREVISTOS,CONSERVADOR,INVERSION,BONOS,AVANZADO,1 mes,dependiente,499041,284211,SI,83
Hhsko,Fewmuk,124739,hhsko.fewmuk@gmail.com,124739,43,Arquitecto,VIVIENDA,CONSERVADOR,INVERSION,OTROS,AVANZADO,1 año,dependiente,710947,705309,NO,23
Fmsv,Mbmqagvb,715320,fmsv.mbmqagvb@hotmail.com,715320,28,Agente de bolsa,OTROS,ARRIESGADO,AHORRO,,INTERMEDIO,1 año,dependiente,730768,423729,NO,10
Plrn,Xyhbtbnec,861516,plrn.xyhbtbnec@yahoo.com,861516,19,Compositor,PROYECTOS_LARGO_PLAZO,CONSERVADOR,AHORRO,,AVANZADO,1 mes,dependiente,321289,236074,NO,71
Fvrgegji,Oaljo,808856,fvrgegji.oaljo@yahoo.com,808856,37,Agente inmobiliario,IMPREVISTOS,MODERADO,AHORRO,,BASICO,1 año,ambos,472451,447576,NO,13
Zevmn,Jqwnbco,481134,zevmn.jqwnbco@outlook.com,481134,23,Actor,IMPREVISTOS,ARRIESGADO,AHORRO,,NINGUNO,5 meses,independiente,813410,745727,SI,15
Pxiu,Kygphb,542535,pxiu.kygphb@hotmail.com,542535,32,,PROYECTOS_LARGO_PLAZO,CONSERVADOR,INVERSION,ACCIONES,BASICO,5 meses,independiente,797740,747777,SI,14
Vtehnanh,Dxvwalju,372800,vtehnanh.dxvwalju@yahoo.com,372800,40,Operador,EDUCACION,MODERADO,INVERSION,CDF,AVANZADO,10 años,independiente,591863,581301,SI,16
Skjkhe,Kpbnaiw,474193,skjkhe.kpbnaiw@yahoo.com,474193,25,Médico,VACACIONES,ARRIESGADO,AHORRO,,INTERMEDIO,10 años,ambos,706972,560396,SI,65
Wkccro,Dmixwpdsd,536371,wkccro.dmixwpdsd@outlook.com,536371,24,Músico,IMPREVISTOS,ARRIESGADO,AHORRO,,NINGUNO,1 mes,independiente,351054,267841,SI,78
Xruhssb,Ivmbu,803817,xruhssb.ivmbu@yahoo.com,803817,30,Psicólogos,PROYECTOS_LARGO_PLAZO,MODERADO,INVERSION,ETFS,BASICO,1 año,independiente,430071,342019,SI,84
Uwgdxwe,Uvebrllf,915937,uwgdxwe.uvebrllf@hotmail.com,915937,50,Operador,VIVIENDA,MODERADO,INVERSION,ETFS,BASICO,5 meses,ambos,582815,320461,NO,100
Jhggdh,Ajbcyc,422177,jhggdh.ajbcyc@gmail.com,422177,38,Químico,JUBILACION,ARRIESGADO,AHORRO,,AVANZADO,5 meses,dependiente,373514,238487,SI,55
Opcq,Vebnoyafi,309023,opcq.vebnoyafi@yahoo.com,309023,58,Piloto,IMPREVISTOS,MODERADO,AHORRO,,AVANZADO,1 año,independiente,677291,576777,NO,5
Typpnsup,Wddchub,562851,typpnsup.wddchub@gmail.com,562851,29,Ingeniero mecánico,OTROS,MODERADO,INVERSION,CDEARS,NINGUNO,5 meses,dependiente,839700,654836,NO,30
Ucefpg,Jmakouhlql,890970,ucefpg.jmakouhlql@gmail.com,890970,53,Personal doméstico,VIVIENDA,ARRIESGADO,INVERSION,OTROS,AVANZADO,1 mes,ambos,826847,572699,SI,4
Xqyomc,Hqkwji,594803,xqyomc.hqkwji@outlook.com,594803,22,Bombero,IMPREVISTOS,MODERADO,INVERSION,ACCIONES,NINGUNO,1 año,dependiente,525771,345925,SI,38
Mkhol,Knbxv,820415,mkhol.knbxv@yahoo.com,820415,43,,JUBILACION,ARRIESGADO,AHORRO,,BASICO,10 años,independiente,410980,295805,SI,9
Apyhay,Mgmrt,439075,apyhay.mgmrt@yahoo.com,439075,48,,JUBILACION,CONSERVADOR,AHORRO,,BASICO,5 meses,ambos,652001,558189,SI,6
Xzjnc,Nfujgwube,940677,xzjnc.nfujgwube@gmail.com,940677,35,Soldador,PROYECTOS_LARGO_PLAZO,CONSERVADOR,AHORRO,,NINGUNO,5 meses,independiente,381240,353722,NO,88
Raykxee,Pcnoel,496978,raykxee.pcnoel@outlook.com,496978,64,Agente de seguros,PROYECTOS_LARGO_PLAZO,ARRIESGADO,AHORRO,,AVANZADO,1 mes,jubilación,659293,396968,SI,19
Ditn,Vdpyepfpov,691106,ditn.vdpyepfpov@outlook.com,691106,38,,JUBILACION,CONSERVADOR,AHORRO,,BASICO,10 años,dependiente,763532,438906,NO,85
Iryoug,Ylwccdp,872709,iryoug.ylwccdp@hotmail.com,872709,61,Físicos,PROYECTOS_LARGO_PLAZO,MODERADO,INVERSION,ETFS,INTERMEDIO,10 años,dependiente,608666,463418,NO,89
Vxkqoap,Pdhdnivwoo,878109,vxkqoap.pdhdnivwoo@yahoo.com,878109,59,Agentes público,VIVIENDA,MODERADO,AHORRO,,BASICO,1 año,dependiente,320845,255734,SI,45
Ystcxnhd,Esspkxl,815936,ystcxnhd.esspkxl@gmail.com,815936,26,Agentes público,VACACIONES,CONSERVADOR,AHORRO,,BASICO,1 mes,ambos,865662,572865,NO,18
Oekt,Cfkgffncfe,439736,oekt.cfkgffncfe@outlook.com,439736,38,Ingeniero químico,EDUCACION,CONSERVADOR,AHORRO,,INTERMEDIO,1 mes,ambos,501795,272702,SI,90
Pdzkcqn,Zpfaswftor,640013,pdzkcqn.zpfaswftor@yahoo.com,640013,65,,LIBERTAD_FINANCIERA,MODERADO,INVERSION,CDF,INTERMEDIO,5 meses,jubilación,838684,637498,SI,59
Lkve,Flffrtpmsl,615639,lkve.flffrtpmsl@hotmail.com,615639,42,Químico,EDUCACION,CONSERVADOR,INVERSION,ETFS,INTERMEDIO,10 años,independiente,708132,435679,NO,37
Klesb,Jqnmn,615109,klesb.jqnmn@gmail.com,615109,69,Operador de máquina,JUBILACION,CONSERVADOR,INVERSION,CDF,BASICO,10 años,jubilación,376770,306709,SI,15
Wqgfy,Dxdlpolxeg,299763,wqgfy.dxdlpolxeg@outlook.com,299763,41,,PROYECTOS_LARGO_PLAZO,CONSERVADOR,AHORRO,,BASICO,1 mes,ambos,612839,558034,NO,57
Ywuszpsf,Jzobx,545602,ywuszpsf.jzobx@gmail.com,545602,55,Agentes comerciales y corredores,EDUCACION,ARRIESGADO,INVERSION,ACCIONES,BASICO,1 mes,dependiente,749862,699701,NO,4
Mdrth,Vipvjsvy,947881,mdrth.vipvjsvy@gmail.com,947881,24,Personal doméstico,OTROS,CONSERVADOR,AHORRO,,INTERMEDIO,10 años,ambos,738616,452080,SI,26
Bynwkx,Aczwykfek,746259,bynwkx.aczwykfek@hotmail.com,746259,21,Farmacólogos,IMPREVISTOS,MODERADO,AHORRO,,INTERMEDIO,1 mes,independiente,294266,156797,SI,3
Kfomwfz,Ovjmfbie,352412,kfomwfz.ovjmfbie@yahoo.com,352412,61,Conductor,VIVIENDA,MODERADO,AHORRO,,BASICO,5 meses,dependiente,760358,662364,NO,16
Uifxpaxx,Xchbma,277929,uifxpaxx.xchbma@outlook.com,277929,67,Personal doméstico,PROYECTOS_LARGO_PLAZO,MODERADO,INVERSION,OTROS,INTERMEDIO,1 año,ambos,498350,293188,NO,9
Enupb,Unhxmw,135092,enupb.unhxmw@yahoo.com,135092,43,Profesor,LIBERTAD_FINANCIERA,CONSERVADOR,INVERSION,ETFS,INTERMEDIO,10 años,independiente,757857,420391,NO,16
Ugrbelx,Dswgcpbpy,497612,ugrbelx.dswgcpbpy@yahoo.com,497612,68,Ingeniero de telecomunicaciones,EDUCACION,MODERADO,INVERSION,ETFS,INTERMEDIO,10 años,dependiente,311095,195782,NO,6
Binn,Slmyzqzvvg,245791,binn.slmyzqzvvg@hotmail.com,245791,47,Locutores de radio y televisión y afines,PROYECTOS_LARGO_PLAZO,MODERADO,INVERSION,ETFS,INTERMEDIO,1 mes,independiente,819285,664541,NO,54
Cquuap,Vnxksssn,238941,cquuap.vnxksssn@gmail.com,238941,66,Ingeniero civil,OTROS,MODERADO,AHORRO,,INTERMEDIO,1 mes,independiente,415260,344451,SI,6
Ezrcn,Nmaqt,395868,ezrcn.nmaqt@gmail.com,395868,60,Policía,PROYECTOS_LARGO_PLAZO,MODERADO,AHORRO,,BASICO,1 año,independiente,718259,568166,SI,75
Wzddcsoa,Mihxya,918471,wzddcsoa.mihxya@outlook.com,918471,29,Agentes público,OTROS,MODERADO,AHORRO,,INTERMEDIO,1 mes,dependiente,414304,400427,NO,83
Pdmm,Rywnxnjkz,245785,pdmm.rywnxnjkz@hotmail.com,245785,25,Piloto,VIVIENDA,ARRIESGADO,AHORRO,,INTERMEDIO,10 años,independiente,404310,306004,NO,15
Emwit,Ptqinkfbfg,905300,emwit.ptqinkfbfg@outlook.com,905300,32,Agrónomo,JUBILACION,ARRIESGADO,INVERSION,OTROS,INTERMEDIO,1 mes,dependiente,383201,356427,SI,10
Emqas,Ownecfcgbe,988740,emqas.ownecfcgbe@gmail.com,988740,24,Operadores de equipos de radiodifusión,JUBILACION,ARRIESGADO,INVERSION,CDEARS,AVANZADO,1 mes,dependiente,775335,428900,NO,86
Awsql,Kczwts,995833,awsql.kczwts@hotmail.com,995833,24,Matemático,EDUCACION,ARRIESGADO,AHORRO,,INTERMEDIO,1 año,ambos,454001,285531,SI,51
Cpbyw,Mszjxxw,395282,cpbyw.mszjxxw@hotmail.com,395282,52,Filósofos,OTROS,CONSERVADOR,INVERSION,CDF,BASICO,10 años,ambos,573242,300978,SI,34
Vrwcw,Bfhmfcys,619651,vrwcw.bfhmfcys@hotmail.com,619651,41,,LIBERTAD_FINANCIERA,MODERADO,AHORRO,,INTERMEDIO,1 mes,independiente,687263,448328,SI,29
Bdoz,Hporhfcdof,875070,bdoz.hporhfcdof@gmail.com,875070,66,Asistente veterinario,VACACIONES,CONSERVADOR,INVERSION,ETFS,INTERMEDIO,1 año,dependiente,739178,670212,NO,29
Rfmormd,Rwkklmtnj,201707,rfmormd.rwkklmtnj@yahoo.com,201707,66,,VACACIONES,MODERADO,INVERSION,CDF,INTERMEDIO,5 meses,jubilación,522028,395491,SI,2
Iatjzwx,Kvose,717314,iatjzwx.kvose@yahoo.com,717314,49,Directores general,IMPREVISTOS,MODERADO,INVERSION,CDF,NINGUNO,1 mes,ambos,493601,321069,SI,44
Cllgnylf,Yloci,246297,cllgnylf.yloci@outlook.com,246297,41,Operador de máquina,EDUCACION,ARRIESGADO,INVERSION,ETFS,INTERMEDIO,5 meses,ambos,804846,508245,NO,85
Tjoq,Fgkmjgnbh,156379,tjoq.fgkmjgnbh@outlook.com,156379,23,Cartógrafos y agrimensores,IMPREVISTOS,MODERADO,INVERSION,ETFS,NINGUNO,5 meses,independiente,309935,306797,SI,13
Qazkemvq,Pvbaqrhsmv,173500,qazkemvq.pvbaqrhsmv@hotmail.com,173500,47,Asistente veterinario,JUBILACION,CONSERVADOR,AHORRO,,AVANZADO,1 mes,ambos,819805,764734,SI,14
Nyai,Wwajnlrbbz,467218,nyai.wwajnlrbbz@hotmail.com,467218,23,Mozos y taberneros,VACACIONES,ARRIESGADO,INVERSION,CDEARS,INTERMEDIO,1 mes,dependiente,714448,641390,NO,65
Agfaoeee,Pchjvyd,513799,agfaoeee.pchjvyd@hotmail.com,513799,37,Ingeniero electricista,VACACIONES,ARRIESGADO,INVERSION,ETFS,BASICO,1 mes,dependiente,575807,557249,NO,81
Bnvfwxj,Misjm,439975,bnvfwxj.misjm@hotmail.com,439975,50,Agente de viaje,EDUCACION,ARRIESGADO,INVERSION,OTROS,AVANZADO,10 años,ambos,315608,281100,SI,29
Kvatax,Mgfzuaii,616046,kvatax.mgfzuaii@outlook.com,616046,30,Músico,EDUCACION,MODERADO,AHORRO,,BASICO,1 año,independiente,435334,310226,SI,16
Tdxg,Przncqcydn,490535,tdxg.przncqcydn@yahoo.com,490535,63,,LIBERTAD_FINANCIERA,ARRIESGADO,INVERSION,CDF,INTERMEDIO,10 años,independiente,851469,812753,NO,22
Ixtb,Hmbfmzwcyt,283842,ixtb.hmbfmzwcyt@hotmail.com,283842,26,Farmacéutico,VIVIENDA,MODERADO,INVERSION,CDF,NINGUNO,1 mes,independiente,336232,265613,SI,31
Jaykq,Qoqhpvx,105565,jaykq.qoqhpvx@hotmail.com,105565,36,Gerentes de empresas,LIBERTAD_FINANCIERA,MODERADO,INVERSION,CDEARS,BASICO,5 meses,independiente,405352,319715,NO,40
Eexwrgup,Baphmwyp,982684,eexwrgup.baphmwyp@hotmail.com,982684,57,Actor,IMPREVISTOS,ARRIESGADO,INVERSION,ETFS,NINGUNO,1 año,dependiente,687457,409350,NO,4
Sjpwndv,Opcfakbihe,874029,sjpwndv.opcfakbihe@hotmail.com,874029,62,Programador informático,LIBERTAD_FINANCIERA,CONSERVADOR,AHORRO,,INTERMEDIO,5 meses,dependiente,525115,336545,NO,9
Jigxuj,Cpusfii,138696,jigxuj.cpusfii@gmail.com,138696,63,Agente de bolsa,VIVIENDA,MODERADO,AHORRO,,BASICO,1 mes,independiente,629272,543540,NO,45
Mlxic,Yjydr,855546,mlxic.yjydr@hotmail.com,855546,34,Ingenieros de minas,PROYECTOS_LARGO_PLAZO,ARRIESGADO,AHORRO,,INTERMEDIO,5 meses,dependiente,357678,183246,SI,88
Xsfml,Wdyvfzjhn,750350,xsfml.wdyvfzjhn@gmail.com,750350,54,Farmacólogos,PROYECTOS_LARGO_PLAZO,CONSERVADOR,AHORRO,,BASICO,5 meses,dependiente,432712,281652,NO,37
Lvagcyh,Dudktemhj,702310,lvagcyh.dudktemhj@yahoo.com,702310,44,Odontólogo,EDUCACION,ARRIESGADO,INVERSION,ACCIONES,BASICO,10 años,ambos,360061,249825,SI,87
Sgssbzju,Aupaftzukm,703660,sgssbzju.aupaftzukm@outlook.com,703660,69,Agrónomo,PROYECTOS_LARGO_PLAZO,CONSERVADOR,AHORRO,,NINGUNO,5 meses,independiente,531867,523480,SI,44
Apsc,Rtswimqc,813621,apsc.rtswimqc@outlook.com,813621,27,Farmacéutico,VACACIONES,CONSERVADOR,INVERSION,OTROS,BASICO,10 años,independiente,874521,719331,SI,52
Uaczm,Rgzthuqif,986212,uaczm.rgzthuqif@yahoo.com,986212,52,Ingenieros de minas,LIBERTAD_FINANCIERA,CONSERVADOR,INVERSION,CDEARS,BASICO,10 años,independiente,794873,705962,SI,84
Pqgsmic,Bwkfp,780533,pqgsmic.bwkfp@hotmail.com,780533,65,Veterinario,VACACIONES,MODERADO,AHORRO,,AVANZADO,5 meses,dependiente,443964,254008,NO,14
Akytpz,Lmkufrrzmd,933506,akytpz.lmkufrrzmd@gmail.com,933506,59,,PROYECTOS_LARGO_PLAZO,ARRIESGADO,AHORRO,,INTERMEDIO,10 años,ambos,343881,316449,NO,17
Lqbdbm,Yotrv,480421,lqbdbm.yotrv@hotmail.com,480421,57,Diseñador de interiores,IMPREVISTOS,CONSERVADOR,AHORRO,,BASICO,5 meses,independiente,417661,221365,NO,18
Ohdymsp,Gumjcx,104374,ohdymsp.gumjcx@gmail.com,104374,45,,VACACIONES,ARRIESGADO,INVERSION,ACCIONES,BASICO,1 año,dependiente,662504,340821,NO,85
Ahkdasq,Hzjnfdlsj,705027,ahkdasq.hzjnfdlsj@gmail.com,705027,49,Odontólogo,EDUCACION,MODERADO,INVERSION,ACCIONES,NINGUNO,1 mes,independiente,402251,314367,NO,11
Jhpbzh,Pofhxi,911315,jhpbzh.pofhxi@gmail.com,911315,42,Químico,IMPREVISTOS,CONSERVADOR,AHORRO,,NINGUNO,1 mes,jubilación,549481,308170,SI,2
Kkgxate,Tfvydibn,551741,kkgxate.tfvydibn@hotmail.com,551741,46,Conductor,OTROS,ARRIESGADO,INVERSION,OTROS,BASICO,1 mes,dependiente,397724,249203,NO,29
Nxoi,Yoqmjwzbzw,679173,nxoi.yoqmjwzbzw@yahoo.com,679173,53,Secretaria,PROYECTOS_LARGO_PLAZO,CONSERVADOR,INVERSION,OTROS,INTERMEDIO,5 meses,independiente,698144,582230,NO,80
Rbbycgy,Igeawmr,408290,rbbycgy.igeawmr@gmail.com,408290,22,Arquitecto,EDUCACION,ARRIESGADO,AHORRO,,AVANZADO,5 meses,independiente,878547,869223,SI,98
Yyilu,Yyvrnpmsy,613766,yyilu.yyvrnpmsy@yahoo.com,613766,43,,VIVIENDA,ARRIESGADO,INVERSION,BONOS,INTERMEDIO,5 meses,ambos,513292,314271,SI,87
Cdpg,Guwaruqc,393052,cdpg.guwaruqc@gmail.com,393052,45,Soldador,VACACIONES,ARRIESGADO,INVERSION,CDF,BASICO,10 años,independiente,702185,624765,SI,21
Szqoxj,Urzdrinp,807178,szqoxj.urzdrinp@gmail.com,807178,69,Secretaria,EDUCACION,ARRIESGADO,AHORRO,,BASICO,10 años,ambos,541870,371588,NO,91
Bxvnxxn,Igomjmnizb,115440,bxvnxxn.igomjmnizb@yahoo.com,115440,26,,EDUCACION,ARRIESGADO,INVERSION,ETFS,BASICO,1 mes,dependiente,385305,288549,SI,15
Splu,Stzzaglofe,456184,splu.stzzaglofe@outlook.com,456184,35,Cocinero,OTROS,MODERADO,AHORRO,,AVANZADO,10 años,dependiente,541578,273095,SI,71
Rcfpihsu,Yeqwd,623392,rcfpihsu.yeqwd@gmail.com,623392,68,Técnicos en seguridad aeronáutica,IMPREVISTOS,CONSERVADOR,AHORRO,,BASICO,5 meses,jubilación,367026,358056,NO,28
Mbaghb,Eiejpc,844802,mbaghb.eiejpc@yahoo.com,844802,39,Psicólogos,IMPREVISTOS,MODERADO,AHORRO,,INTERMEDIO,10 años,dependiente,863904,592421,SI,17
Ahpica,Lohxajp,697775,ahpica.lohxajp@yahoo.com,697775,32,Diseñador de interiores,JUBILACION,MODERADO,AHORRO,,BASICO,1 mes,independiente,385805,280552,SI,97
Henvyay,Eosfvuhuop,107905,henvyay.eosfvuhuop@hotmail.com,107905,69,Policía,EDUCACION,ARRIESGADO,AHORRO,,NINGUNO,10 años,dependiente,579594,314043,NO,42
Bplzueka,Crtfuy,841197,bplzueka.crtfuy@outlook.com,841197,61,Ingeniero químico,VACACIONES,CONSERVADOR,AHORRO,,INTERMEDIO,1 año,jubilación,754451,398425,NO,41
Qspwudtc,Gznqowxvq,819025,qspwudtc.gznqowxvq@hotmail.com,819025,56,Diseñador de interiores,PROYECTOS_LARGO_PLAZO,MODERADO,AHORRO,,BASICO,5 meses,independiente,369974,306741,SI,98
Lzqeolm,Hipkakh,892880,lzqeolm.hipkakh@hotmail.com,892880,40,Escritor,VACACIONES,MODERADO,AHORRO,,AVANZADO,1 mes,independiente,872670,446724,SI,58
Gsxamxhf,Upurmtdtq,466293,gsxamxhf.upurmtdtq@outlook.com,466293,21,Físicos,EDUCACION,ARRIESGADO,AHORRO,,INTERMEDIO,1 mes,dependiente,363202,247986,SI,40
Vdyupl,Rzlsrgook,137577,vdyupl.rzlsrgook@hotmail.com,137577,48,Mozos y taberneros,LIBERTAD_FINANCIERA,ARRIESGADO,INVERSION,OTROS,INTERMEDIO,1 mes,ambos,553227,424447,SI,54
Kyvjgywo,Lnrwimvq,466082,kyvjgywo.lnrwimvq@hotmail.com,466082,27,Psicólogos,IMPREVISTOS,ARRIESGADO,INVERSION,ETFS,AVANZADO,1 año,independiente,573921,306969,NO,89
Vsyi,Psfbxhevkg,476792,vsyi.psfbxhevkg@hotmail.com,476792,23,Operador de máquina,JUBILACION,CONSERVADOR,AHORRO,,INTERMEDIO,1 año,independiente,498556,472672,SI,14
Wscrmsjc,Rltpxyhps,647197,wscrmsjc.rltpxyhps@outlook.com,647197,54,Ingeniero de telecomunicaciones,VIVIENDA,ARRIESGADO,AHORRO,,INTERMEDIO,10 años,ambos,287485,149838,NO,3
Edttuf,Ptpeyb,383100,edttuf.ptpeyb@outlook.com,383100,38,Agente de viaje,VIVIENDA,MODERADO,INVERSION,ETFS,INTERMEDIO,1 año,dependiente,366275,286970,NO,57
Rfjryn,Eybbkltor,117307,rfjryn.eybbkltor@outlook.com,117307,68,Diseñador de interiores,PROYECTOS_LARGO_PLAZO,MODERADO,AHORRO,,BASICO,1 mes,dependiente,603593,518436,SI,68
Faqeagkc,Lijta,474841,faqeagkc.lijta@gmail.com,474841,41,Creadores y analistas de sistemas informáticos,IMPREVISTOS,MODERADO,AHORRO,,AVANZADO,1 año,independiente,849170,608190,SI,3
Tjyru,Hmcmktx,597458,tjyru.hmcmktx@outlook.com,597458,53,Operador de máquina,EDUCACION,CONSERVADOR,AHORRO,,AVANZADO,5 meses,independiente,834131,613790,NO,2
Vpocumd,Fwvond,786049,vpocumd.fwvond@hotmail.com,786049,68,Cocinero,VIVIENDA,ARRIESGADO,INVERSION,CDEARS,NINGUNO,1 mes,dependiente,288017,235551,NO,84
Pemwbe,Erfskq,313360,pemwbe.erfskq@yahoo.com,313360,19,Conserje,PROYECTOS_LARGO_PLAZO,CONSERVADOR,INVERSION,CDEARS,BASICO,5 meses,dependiente,322248,183987,SI,87
Xvztqso,Bvuhii,780724,xvztqso.bvuhii@hotmail.com,780724,50,Músico,JUBILACION,CONSERVADOR,INVERSION,BONOS,BASICO,1 año,independiente,639575,416132,NO,4
Ufxcnkja,Wvvjhunvo,263886,ufxcnkja.wvvjhunvo@yahoo.com,263886,29,,JUBILACION,CONSERVADOR,AHORRO,,BASICO,10 años,independiente,776770,683028,NO,29
Jeureep,Afimkxjd,814860,jeureep.afimkxjd@hotmail.com,814860,52,Cartógrafos y agrimensores,VACACIONES,CONSERVADOR,AHORRO,,NINGUNO,1 año,jubilación,392498,282181,NO,99
Btco,Dkrodvhj,694191,btco.dkrodvhj@gmail.com,694191,24,Biólogo,PROYECTOS_LARGO_PLAZO,CONSERVADOR,INVERSION,CDEARS,BASICO,10 años,independiente,298895,292511,NO,84
Cjprahqc,Jowleja,702039,cjprahqc.jowleja@gmail.com,702039,70,Profesionales del trabajo social,PROYECTOS_LARGO_PLAZO,CONSERVADOR,AHORRO,,AVANZADO,1 año,dependiente,819000,566631,NO,32
Twghr,Tnltokusbv,180701,twghr.tnltokusbv@yahoo.com,180701,40,Policía,OTROS,ARRIESGADO,INVERSION,ACCIONES,BASICO,1 año,ambos,653761,431477,SI,23
Ztoc,Kytzpm,469167,ztoc.kytzpm@yahoo.com,469167,32,Fotógrafo,JUBILACION,CONSERVADOR,AHORRO,,NINGUNO,5 meses,independiente,722149,529563,SI,16
Mkdp,Lusdzsr,801579,mkdp.lusdzsr@yahoo.com,801579,70,Arquitecto,OTROS,MODERADO,INVERSION,CDEARS,AVANZADO,1 mes,independiente,542210,404836,NO,75
Rqid,Habwgso,930633,rqid.habwgso@hotmail.com,930633,40,Técnicos en seguridad aeronáutica,VACACIONES,ARRIESGADO,INVERSION,BONOS,INTERMEDIO,5 meses,dependiente,527394,290793,NO,17
Sgtf,Bqthxec,361365,sgtf.bqthxec@outlook.com,361365,37,Ingeniero mecánico,EDUCACION,CONSERVADOR,AHORRO,,BASICO,1 mes,ambos,675711,348720,SI,100
Ashl,Bhnyfhrm,893347,ashl.bhnyfhrm@yahoo.com,893347,54,Recepcionista,PROYECTOS_LARGO_PLAZO,ARRIESGADO,INVERSION,CDF,AVANZADO,1 año,independiente,295939,214014,SI,98
Xuyr,Rtltylxsx,399946,xuyr.rtltylxsx@gmail.com,399946,47,Ingeniero de telecomunicaciones,VACACIONES,MODERADO,AHORRO,,NINGUNO,10 años,dependiente,712388,501865,SI,3
Vazjuh,Pgfyzemxo,740691,vazjuh.pgfyzemxo@outlook.com,740691,54,Piloto,OTROS,MODERADO,AHORRO,,INTERMEDIO,1 mes,jubilación,683537,546803,SI,22
Yymref,Denqsm,113721,yymref.denqsm@outlook.com,113721,44,Técnico,IMPREVISTOS,CONSERVADOR,AHORRO,,NINGUNO,5 meses,jubilación,453761,308445,NO,31
Zvkhkwb,Thipxi,147745,zvkhkwb.thipxi@gmail.com,147745,48,,VACACIONES,MODERADO,INVERSION,ETFS,AVANZADO,10 años,dependiente,301849,223259,SI,88
Xzuj,Hlrychmbvd,906030,xzuj.hlrychmbvd@gmail.com,906030,36,Dentista,IMPREVISTOS,ARRIESGADO,AHORRO,,INTERMEDIO,1 año,ambos,812284,637784,SI,99
Veuznkcy,Hlvtqt,331500,veuznkcy.hlvtqt@gmail.com,331500,35,Operadores de equipos de radiodifusión,IMPREVISTOS,ARRIESGADO,AHORRO,,BASICO,10 años,dependiente,879323,506697,NO,55
Btgr,Mjjjwzs,988845,btgr.mjjjwzs@gmail.com,988845,38,Químico,EDUCACION,MODERADO,INVERSION,BONOS,INTERMEDIO,1 año,dependiente,870924,774084,NO,96
Xhffest,Vnaies,531270,xhffest.vnaies@hotmail.com,531270,28,Locutores de radio y televisión y afines,LIBERTAD_FINANCIERA,ARRIESGADO,AHORRO,,AVANZADO,1 año,dependiente,836602,509360,NO,53
Qeiy,Jrmoaqwigr,537333,qeiy.jrmoaqwigr@yahoo.com,537333,56,Ingeniero químico,VIVIENDA,MODERADO,INVERSION,BONOS,AVANZADO,10 años,dependiente,513629,317781,NO,55
Imkcsj,Hmxoaudn,522185,imkcsj.hmxoaudn@gmail.com,522185,26,Bombero,VACACIONES,CONSERVADOR,INVERSION,CDF,BASICO,1 año,ambos,643932,532303,NO,61
Aorow,Ajatbjjzfc,785040,aorow.ajatbjjzfc@outlook.com,785040,52,Bombero,JUBILACION,ARRIESGADO,AHORRO,,NINGUNO,1 mes,dependiente,860992,698016,SI,24
Wcnh,Oltuwkptl,541133,wcnh.oltuwkptl@hotmail.com,541133,62,Agente inmobiliario,IMPREVISTOS,CONSERVADOR,INVERSION,CDEARS,INTERMEDIO,1 mes,ambos,878995,803828,SI,80
Qzoq,Qtpiilfi,134696,qzoq.qtpiilfi@gmail.com,134696,36,Médico,VACACIONES,MODERADO,AHORRO,,AVANZADO,1 año,independiente,762383,382834,SI,57
Gmhtsmg,Wccpxmlhd,459138,gmhtsmg.wccpxmlhd@outlook.com,459138,29,Profesionales del trabajo social,EDUCACION,MODERADO,INVERSION,CDF,INTERMEDIO,1 mes,independiente,615562,523035,NO,29
Xnunnc,Rhwnjr,491588,xnunnc.rhwnjr@gmail.com,491588,59,Técnico,JUBILACION,ARRIESGADO,AHORRO,,BASICO,1 año,independiente,820448,639383,NO,9
Zjwdyok,Gmrwezmu,286898,zjwdyok.gmrwezmu@gmail.com,286898,20,Agrónomo,LIBERTAD_FINANCIERA,ARRIESGADO,INVERSION,ACCIONES,NINGUNO,1 año,independiente,758567,408909,SI,38
Wfniu,Obkdqs,195109,wfniu.obkdqs@gmail.com,195109,56,Filósofos,OTROS,MODERADO,INVERSION,ACCIONES,AVANZADO,10 años,jubilación,569233,525081,NO,84
Hcdomw,Nkgznaz,602234,hcdomw.nkgznaz@gmail.com,602234,41,Médico,VACACIONES,MODERADO,AHORRO,,BASICO,1 mes,ambos,706537,467523,NO,74
Gtnvfbxv,Dvqvxk,422685,gtnvfbxv.dvqvxk@hotmail.com,422685,28,Mecánico,VIVIENDA,MODERADO,INVERSION,CDF,NINGUNO,5 meses,dependiente,542310,286734,SI,83
Dszo,Dcplrsgaym,176315,dszo.dcplrsgaym@outlook.com,176315,45,Ingeniero mecánico,VIVIENDA,MODERADO,INVERSION,ETFS,AVANZADO,1 año,ambos,567637,478891,SI,98
Yfbvq,Jlgudbd,254151,yfbvq.jlgudbd@outlook.com,254151,25,Controlador de tráfico aéreo,PROYECTOS_LARGO_PLAZO,MODERADO,INVERSION,ACCIONES,INTERMEDIO,1 mes,ambos,602060,515032,NO,67
Pjhyma,Dsgnhyvaqb,388442,pjhyma.dsgnhyvaqb@yahoo.com,388442,68,Personal doméstico,LIBERTAD_FINANCIERA,CONSERVADOR,AHORRO,,AVANZADO,1 mes,jubilación,710088,382157,NO,95
Dlcfhpuj,Xieubftz,520415,dlcfhpuj.xieubftz@hotmail.com,520415,32,Dentista,IMPREVISTOS,ARRIESGADO,AHORRO,,BASICO,10 años,ambos,389648,293448,SI,30
Nadq,Zhxvycysjs,157055,nadq.zhxvycysjs@outlook.com,157055,64,Ingeniero electricista,IMPREVISTOS,ARRIESGADO,AHORRO,,AVANZADO,1 mes,jubilación,429797,323887,NO,54
Evayjkew,Hxgqjhsl,576264,evayjkew.hxgqjhsl@gmail.com,576264,24,Veterinario,OTROS,ARRIESGADO,AHORRO,,BASICO,1 mes,dependiente,311259,234103,SI,14
Cwbpnql,Vnsrtw,880660,cwbpnql.vnsrtw@outlook.com,880660,64,Operador de máquina,EDUCACION,ARRIESGADO,INVERSION,BONOS,NINGUNO,5 meses,independiente,341214,277822,NO,54
Nrshsab,Vykxtqj,778123,nrshsab.vykxtqj@gmail.com,778123,50,Personal doméstico,OTROS,MODERADO,INVERSION,ETFS,BASICO,5 meses,ambos,687550,398264,NO,17
Bwxu,Phfkcrlahb,575821,bwxu.phfkcrlahb@gmail.com,575821,60,,PROYECTOS_LARGO_PLAZO,CONSERVADOR,AHORRO,,AVANZADO,1 mes,dependiente,822279,604567,NO,77
Vfyrqfd,Cbeajnet,757609,vfyrqfd.cbeajnet@hotmail.com,757609,25,Estadístico,EDUCACION,ARRIESGADO,AHORRO,,BASICO,10 años,dependiente,855439,591811,SI,54
Fvje,Pkrgpzgz,731665,fvje.pkrgpzgz@gmail.com,731665,24,Piloto,EDUCACION,MODERADO,AHORRO,,INTERMEDIO,5 meses,independiente,393442,268482,NO,73
Xbrynbyb,Ppggtqctf,238339,xbrynbyb.ppggtqctf@outlook.com,238339,57,Músico,IMPREVISTOS,CONSERVADOR,INVERSION,CDEARS,INTERMEDIO,10 años,independiente,539851,279822,NO,63
Cgsaksl,Dqrgaw,528673,cgsaksl.dqrgaw@outlook.com,528673,48,,VIVIENDA,MODERADO,INVERSION,OTROS,AVANZADO,1 mes,ambos,853298,743192,NO,50
Mshp,Breen,159860,mshp.breen@yahoo.com,159860,26,Escritor,VACACIONES,MODERADO,AHORRO,,AVANZADO,1 mes,independiente,450010,273044,NO,55
Qmwxyg,Rbtgx,551883,qmwxyg.rbtgx@gmail.com,551883,49,Músico,EDUCACION,CONSERVADOR,INVERSION,ACCIONES,INTERMEDIO,1 año,independiente,387726,316957,SI,57
Njcy,Sotpjdkfr,819367,njcy.sotpjdkfr@yahoo.com,819367,27,Mecánico,VACACIONES,CONSERVADOR,INVERSION,CDF,INTERMEDIO,1 mes,independiente,887762,566591,NO,100
Zsrhqs,Pffbsh,779850,zsrhqs.pffbsh@hotmail.com,779850,68,Fotógrafo,OTROS,ARRIESGADO,AHORRO,,AVANZADO,10 años,independiente,695648,671624,SI,100
Mfol,Anctqerf,713377,mfol.anctqerf@gmail.com,713377,40,Bombero,VIVIENDA,ARRIESGADO,AHORRO,,BASICO,1 año,independiente,819732,509977,SI,73
Knxlmyl,Ouyhlldxyq,343459,knxlmyl.ouyhlldxyq@yahoo.com,343459,26,Agente de bolsa,JUBILACION,MODERADO,INVERSION,BONOS,INTERMEDIO,10 años,ambos,539356,411282,SI,99
Gocd,Jpvwuzdxe,413029,gocd.jpvwuzdxe@gmail.com,413029,33,,PROYECTOS_LARGO_PLAZO,CONSERVADOR,AHORRO,,INTERMEDIO,10 años,ambos,640558,417753,SI,43
Xmlcumg,Suplpxeak,796028,xmlcumg.suplpxeak@outlook.com,796028,69,Coreógrafo,EDUCACION,CONSERVADOR,INVERSION,ACCIONES,AVANZADO,5 meses,ambos,515712,468647,NO,73
Eymcmmv,Pkgenetsd,495712,eymcmmv.pkgenetsd@gmail.com,495712,45,Secretaria,VACACIONES,MODERADO,INVERSION,BONOS,BASICO,1 año,dependiente,715953,688865,SI,31
Bzqf,Jhfqcwrkmd,321363,bzqf.jhfqcwrkmd@outlook.com,321363,48,Catador,VACACIONES,MODERADO,AHORRO,,NINGUNO,1 mes,independiente,700428,538489,SI,52
Qyprca,Vnfuf,416560,qyprca.vnfuf@gmail.com,416560,35,Músico,VACACIONES,MODERADO,AHORRO,,AVANZADO,10 años,dependiente,406802,383243,NO,5
Rsrcp,Tjwevdz,557565,rsrcp.tjwevdz@hotmail.com,557565,67,Operador de máquina,JUBILACION,CONSERVADOR,AHORRO,,BASICO,5 meses,independiente,661922,365498,SI,98
Ikcblry,Ablvvgwfjr,109562,ikcblry.ablvvgwfjr@gmail.com,109562,46,Policía,JUBILACION,CONSERVADOR,AHORRO,,INTERMEDIO,1 mes,dependiente,872245,542074,NO,94
Zewptzy,Vdfmoitpo,683870,zewptzy.vdfmoitpo@hotmail.com,683870,43,Conductor,VIVIENDA,MODERADO,AHORRO,,BASICO,5 meses,independiente,584492,506185,NO,34
Nwnx,Dhseodr,706713,nwnx.dhseodr@gmail.com,706713,63,Personal doméstico,JUBILACION,CONSERVADOR,INVERSION,ACCIONES,NINGUNO,1 año,ambos,413680,394447,NO,16
Zdutrw,Eueiirvaiq,701112,zdutrw.eueiirvaiq@yahoo.com,701112,62,Fotógrafo,EDUCACION,CONSERVADOR,AHORRO,,AVANZADO,1 mes,ambos,628656,314913,NO,5
Nznzq,Nddcnkvws,365112,nznzq.nddcnkvws@yahoo.com,365112,49,Técnicos en seguridad aeronáutica,VIVIENDA,CONSERVADOR,AHORRO,,NINGUNO,1 año,dependiente,317330,208939,NO,54
Ykhlmc,Svpecccyeh,395160,ykhlmc.svpecccyeh@outlook.com,395160,21,Bombero,VIVIENDA,CONSERVADOR,INVERSION,ACCIONES,AVANZADO,1 mes,ambos,549849,362807,NO,84
Japikkxl,Jjwnm,790950,japikkxl.jjwnm@hotmail.com,790950,33,Psicólogos,VACACIONES,CONSERVADOR,INVERSION,BONOS,AVANZADO,1 mes,dependiente,379727,299422,SI,70
Stgscw,Extwpm,556338,stgscw.extwpm@outlook.com,556338,48,Ingenieros de minas,EDUCACION,CONSERVADOR,AHORRO,,BASICO,5 meses,ambos,855088,592940,SI,39
Ontubm,Mjdwxh,459233,ontubm.mjdwxh@outlook.com,459233,20,Cocinero,OTROS,CONSERVADOR,INVERSION,BONOS,BASICO,1 año,ambos,828585,790367,SI,6
Zawkbjgc,Wlywovnm,234418,zawkbjgc.wlywovnm@gmail.com,234418,33,Agentes público,VIVIENDA,MODERADO,INVERSION,CDF,NINGUNO,1 mes,ambos,367468,279218,NO,79
Ddkezc,Msubshp,506873,ddkezc.msubshp@hotmail.com,506873,52,,EDUCACION,MODERADO,INVERSION,OTROS,INTERMEDIO,10 años,jubilación,413788,359961,SI,84
Blzgljcl,Zypxdnuqf,111845,blzgljcl.zypxdnuqf@hotmail.com,111845,46,Bombero,PROYECTOS_LARGO_PLAZO,CONSERVADOR,INVERSION,BONOS,NINGUNO,5 meses,jubilación,820872,705619,NO,62
Znvedm,Vktgqxe,595013,znvedm.vktgqxe@hotmail.com,595013,50,Biólogo,EDUCACION,ARRIESGADO,AHORRO,,NINGUNO,1 año,jubilación,545949,307883,SI,17
Bpxc,Tyespml,824996,bpxc.tyespml@outlook.com,824996,27,Contador,JUBILACION,MODERADO,AHORRO,,NINGUNO,5 meses,ambos,631113,377045,NO,54
Nhcchst,Emmbhod,625104,nhcchst.emmbhod@gmail.com,625104,45,Operador,PROYECTOS_LARGO_PLAZO,MODERADO,AHORRO,,NINGUNO,1 año,dependiente,535387,307271,SI,41
Odpggm,Ujedyulfcn,124546,odpggm.ujedyulfcn@hotmail.com,124546,69,Gerentes de empresas,OTROS,CONSERVADOR,AHORRO,,AVANZADO,1 mes,ambos,498537,394661,NO,10
Rfbznlc,Qjbonp,981362,rfbznlc.qjbonp@outlook.com,981362,50,Escritor,PROYECTOS_LARGO_PLAZO,ARRIESGADO,AHORRO,,NINGUNO,10 años,independiente,788219,645326,NO,32
Vfvkg,Obhroxxn,991618,vfvkg.obhroxxn@hotmail.com,991618,30,Cartógrafos y agrimensores,VIVIENDA,ARRIESGADO,INVERSION,ETFS,BASICO,10 años,jubilación,803803,508438,SI,97
Imtj,Thjpnxucwo,724364,imtj.thjpnxucwo@hotmail.com,724364,60,Agricultor,JUBILACION,ARRIESGADO,AHORRO,,AVANZADO,1 año,jubilación,756894,656745,SI,90
Eqfyrie,Gsmouvjdso,400448,eqfyrie.gsmouvjdso@outlook.com,400448,70,,EDUCACION,MODERADO,INVERSION,BONOS,NINGUNO,1 mes,independiente,646590,488522,NO,14
Vofdhpqr,Urvztpz,669316,vofdhpqr.urvztpz@hotmail.com,669316,61,Coreógrafo,VACACIONES,MODERADO,INVERSION,CDEARS,NINGUNO,1 mes,dependiente,795424,729790,NO,83
Mtddlttx,Ecoemuox,988341,mtddlttx.ecoemuox@hotmail.com,988341,43,Farmacólogos,PROYECTOS_LARGO_PLAZO,MODERADO,INVERSION,CDF,AVANZADO,1 año,dependiente,317319,191765,NO,96
Wjexj,Wjxwevdm,903033,wjexj.wjxwevdm@yahoo.com,903033,33,Personal doméstico,LIBERTAD_FINANCIERA,MODERADO,AHORRO,,INTERMEDIO,1 año,jubilación,622779,318834,NO,7
Dwdtbi,Cczvxmn,660880,dwdtbi.cczvxmn@hotmail.com,660880,61,Técnicos en seguridad aeronáutica,VACACIONES,CONSERVADOR,AHORRO,,INTERMEDIO,1 año,jubilación,316230,219834,SI,4
Xykd,Zbzoryjdyz,298008,xykd.zbzoryjdyz@hotmail.com,298008,43,Mozos y taberneros,LIBERTAD_FINANCIERA,CONSERVADOR,INVERSION,ACCIONES,BASICO,1 mes,independiente,884876,740832,NO,24
Iegpfzh,Pwyzurjuwn,230298,iegpfzh.pwyzurjuwn@yahoo.com,230298,55,,VIVIENDA,CONSERVADOR,AHORRO,,BASICO,1 año,jubilación,874444,592291,SI,69
Iybadyyz,Fnoavt,855277,iybadyyz.fnoavt@gmail.com,855277,59,,VACACIONES,MODERADO,INVERSION,BONOS,BASICO,1 año,jubilación,373633,318360,NO,73
Dqst,Hojqqpgdvk,426515,dqst.hojqqpgdvk@outlook.com,426515,28,Controlador de tráfico aéreo,EDUCACION,ARRIESGADO,INVERSION,CDF,INTERMEDIO,1 mes,independiente,285854,167108,NO,38
Xwreomrz,Kdbuymlo,405924,xwreomrz.kdbuymlo@yahoo.com,405924,41,Físicos,VACACIONES,ARRIESGADO,AHORRO,,NINGUNO,1 año,dependiente,796436,589551,NO,84
Qezn,Uekolkig,118094,qezn.uekolkig@yahoo.com,118094,46,Agricultor,EDUCACION,MODERADO,INVERSION,CDF,INTERMEDIO,10 años,ambos,819391,607519,NO,47
Oznke,Rvmve,615126,oznke.rvmve@outlook.com,615126,33,Veterinario,JUBILACION,CONSERVADOR,INVERSION,CDEARS,BASICO,1 año,dependiente,431883,336947,SI,54
Dunqybai,Tunhwzm,566906,dunqybai.tunhwzm@hotmail.com,566906,49,Bombero,IMPREVISTOS,CONSERVADOR,INVERSION,CDEARS,AVANZADO,10 años,dependiente,419698,400195,NO,94
Xzvgdpt,Zhnyf,780264,xzvgdpt.zhnyf@hotmail.com,780264,70,Ingeniero químico,OTROS,ARRIESGADO,AHORRO,,NINGUNO,1 mes,dependiente,784469,532462,SI,70
Vqlc,Kovyb,846785,vqlc.kovyb@gmail.com,846785,23,Chapistas y caldereros,IMPREVISTOS,CONSERVADOR,AHORRO,,AVANZADO,10 años,independiente,823252,668074,SI,70
Wbactt,Mxmmzshuz,854065,wbactt.mxmmzshuz@outlook.com,854065,43,Técnicos en seguridad aeronáutica,VACACIONES,MODERADO,INVERSION,CDF,NINGUNO,10 años,jubilación,638330,544711,NO,99
Hgrm,Kvbwcgbp,399647,hgrm.kvbwcgbp@hotmail.com,399647,36,Directores general,OTROS,CONSERVADOR,AHORRO,,BASICO,5 meses,dependiente,891300,752195,SI,97
Cvzgrb,Irsbjr,135340,cvzgrb.irsbjr@yahoo.com,135340,28,Biólogo,IMPREVISTOS,MODERADO,INVERSION,ACCIONES,BASICO,5 meses,dependiente,875658,469844,NO,47
Rjdgj,Xbxyown,831094,rjdgj.xbxyown@outlook.com,831094,42,Matemático,PROYECTOS_LARGO_PLAZO,ARRIESGADO,AHORRO,,BASICO,1 mes,ambos,740697,702400,NO,51
Whctqsy,Xhtkakihso,576183,whctqsy.xhtkakihso@yahoo.com,576183,31,Secretaria,OTROS,ARRIESGADO,AHORRO,,AVANZADO,5 meses,ambos,739819,387480,SI,1
Euflk,Ckosgldsp,877134,euflk.ckosgldsp@outlook.com,877134,48,Matemático,VACACIONES,MODERADO,INVERSION,CDEARS,BASICO,1 mes,ambos,294628,245831,SI,95
Jtxt,Ewwcmwn,177493,jtxt.ewwcmwn@yahoo.com,177493,60,,IMPREVISTOS,MODERADO,AHORRO,,BASICO,5 meses,independiente,429444,282321,NO,82
Qmeip,Vrpdqdgq,834154,qmeip.vrpdqdgq@gmail.com,834154,48,Profesor,IMPREVISTOS,MODERADO,AHORRO,,NINGUNO,1 mes,dependiente,754855,566004,SI,93
Ghsmzuok,Rpromrsrb,520572,ghsmzuok.rpromrsrb@gmail.com,520572,54,Policía,IMPREVISTOS,CONSERVADOR,AHORRO,,INTERMEDIO,10 años,independiente,736011,420967,SI,51
Rzef,Arjhaqpr,632971,rzef.arjhaqpr@yahoo.com,632971,60,Profesionales del trabajo social,IMPREVISTOS,ARRIESGADO,INVERSION,CDF,AVANZADO,1 año,jubilación,885474,542389,SI,60
Lwqft,Gzclnz,754209,lwqft.gzclnz@outlook.com,754209,69,Geólogo,IMPREVISTOS,MODERADO,INVERSION,OTROS,INTERMEDIO,1 año,dependiente,445670,239633,NO,14
Wsigzvoo,Orvxtyt,263845,wsigzvoo.orvxtyt@hotmail.com,263845,44,Agricultor,VIVIENDA,CONSERVADOR,AHORRO,,AVANZADO,1 año,independiente,725667,524100,SI,61
Tnpkd,Yeiyylq,516307,tnpkd.yeiyylq@hotmail.com,516307,31,Piloto,LIBERTAD_FINANCIERA,MODERADO,AHORRO,,INTERMEDIO,1 mes,ambos,573864,541420,NO,78
Hkxttuhy,Wpbqzk,445442,hkxttuhy.wpbqzk@outlook.com,445442,50,,OTROS,CONSERVADOR,INVERSION,BONOS,NINGUNO,10 años,ambos,405378,393315,NO,22
Usfnds,Ljhftxcrz,580561,usfnds.ljhftxcrz@yahoo.com,580561,30,Piloto,LIBERTAD_FINANCIERA,ARRIESGADO,AHORRO,,AVANZADO,10 años,ambos,555640,528238,SI,7
Tpxq,Twkhgzacpw,236387,tpxq.twkhgzacpw@outlook.com,236387,58,Cocinero,LIBERTAD_FINANCIERA,MODERADO,AHORRO,,INTERMEDIO,1 mes,ambos,781801,524008,SI,75
Bhamgwzj,Osstwyzuti,871452,bhamgwzj.osstwyzuti@yahoo.com,871452,24,Diseñador de interiores,JUBILACION,MODERADO,INVERSION,ETFS,INTERMEDIO,1 año,dependiente,467916,356857,NO,1
Mkngo,Yhvpdnz,776641,mkngo.yhvpdnz@outlook.com,776641,29,Profesionales del trabajo social,EDUCACION,MODERADO,INVERSION,CDEARS,INTERMEDIO,5 meses,dependiente,421289,275836,NO,71
Lfeoyq,Zkwnlvyae,527404,lfeoyq.zkwnlvyae@yahoo.com,527404,36,Controlador de tráfico aéreo,IMPREVISTOS,MODERADO,AHORRO,,BASICO,5 meses,independiente,478850,448940,NO,53
Iqscubr,Pjzqgybx,181574,iqscubr.pjzqgybx@gmail.com,181574,53,Escritor,JUBILACION,CONSERVADOR,INVERSION,ACCIONES,BASICO,10 años,independiente,785282,511579,NO,16
Avupgtzi,Epxxh,436228,avupgtzi.epxxh@yahoo.com,436228,35,Policía,IMPREVISTOS,MODERADO,AHORRO,,NINGUNO,10 años,dependiente,687775,474066,SI,95
Bklms,Jjbrutew,833308,bklms.jjbrutew@gmail.com,833308,46,Contador,VACACIONES,CONSERVADOR,INVERSION,CDEARS,INTERMEDIO,10 años,ambos,631115,522625,NO,13
Vcacmgg,Yirkfwvr,654197,vcacmgg.yirkfwvr@outlook.com,654197,19,Cocinero,EDUCACION,MODERADO,INVERSION,CDEARS,INTERMEDIO,1 año,dependiente,323555,202963,NO,90
Kuopkuo,Lrcfwe,434563,kuopkuo.lrcfwe@hotmail.com,434563,37,Programador informático,JUBILACION,CONSERVADOR,AHORRO,,AVANZADO,1 mes,dependiente,672771,516338,NO,41
Wunbt,Ntgfi,635008,wunbt.ntgfi@outlook.com,635008,45,Abogado,IMPREVISTOS,CONSERVADOR,INVERSION,CDEARS,NINGUNO,5 meses,independiente,444150,395325,SI,38
Vbnabu,Oppbzx,153974,vbnabu.oppbzx@yahoo.com,153974,22,Ingeniero civil,EDUCACION,CONSERVADOR,AHORRO,,BASICO,1 año,ambos,812556,437541,SI,57
Pohnjtk,Qkxywtai,990563,pohnjtk.qkxywtai@yahoo.com,990563,25,Catador,EDUCACION,ARRIESGADO,INVERSION,OTROS,BASICO,1 año,independiente,408547,325042,NO,45
Osbn,Xsmdrt,363467,osbn.xsmdrt@yahoo.com,363467,54,Recepcionista,PROYECTOS_LARGO_PLAZO,CONSERVADOR,INVERSION,BONOS,BASICO,1 año,ambos,848517,718004,SI,53
Tfkzh,Cgcmfwlu,113214,tfkzh.cgcmfwlu@yahoo.com,113214,66,Chapistas y caldereros,VIVIENDA,CONSERVADOR,INVERSION,OTROS,AVANZADO,10 años,ambos,757329,545118,SI,41
Slsk,Evyfduwxsd,694446,slsk.evyfduwxsd@gmail.com,694446,50,Personal doméstico,VIVIENDA,MODERADO,INVERSION,CDF,AVANZADO,5 meses,jubilación,610039,334503,SI,36
Foottsew,Ymymxzhbvd,865330,foottsew.ymymxzhbvd@outlook.com,865330,19,,VIVIENDA,MODERADO,AHORRO,,BASICO,5 meses,independiente,415707,330041,SI,24
Qtwdntmn,Oucxjjfp,864702,qtwdntmn.oucxjjfp@outlook.com,864702,42,,OTROS,ARRIESGADO,AHORRO,,NINGUNO,10 años,independiente,793739,775415,SI,96
Njfgr,Jjrxaaweng,145926,njfgr.jjrxaaweng@gmail.com,145926,26,Ingeniero mecánico,VIVIENDA,MODERADO,AHORRO,,INTERMEDIO,1 año,dependiente,852380,670426,SI,6
Eyxnat,Xguhithdeu,104114,eyxnat.xguhithdeu@outlook.com,104114,19,Fotógrafo,EDUCACION,MODERADO,INVERSION,CDF,BASICO,10 años,independiente,310921,209543,NO,35
Itabt,Ukwce,563031,itabt.ukwce@gmail.com,563031,32,Escritor,VACACIONES,CONSERVADOR,AHORRO,,INTERMEDIO,1 año,ambos,558492,522118,SI,46
Mifhrdz,Yqyynvnqqc,671152,mifhrdz.yqyynvnqqc@hotmail.com,671152,57,Locutores de radio y televisión y afines,JUBILACION,ARRIESGADO,INVERSION,OTROS,BASICO,10 años,ambos,706293,632258,SI,53
Hlmiqpzp,Lfoafkr,637803,hlmiqpzp.lfoafkr@yahoo.com,637803,36,Dentista,VACACIONES,ARRIESGADO,INVERSION,OTROS,BASICO,1 mes,dependiente,304427,217372,NO,50
Eevy,Tuhpqql,528739,eevy.tuhpqql@hotmail.com,528739,28,Estadístico,JUBILACION,ARRIESGADO,AHORRO,,INTERMEDIO,10 años,ambos,729109,500125,NO,32
Xubv,Qzzzudkd,361457,xubv.qzzzudkd@hotmail.com,361457,43,Operador de máquina,PROYECTOS_LARGO_PLAZO,CONSERVADOR,INVERSION,BONOS,AVANZADO,1 año,dependiente,592212,417992,NO,90
Rgfvvvk,Akkxa,524369,rgfvvvk.akkxa@yahoo.com,524369,47,Ingeniero mecánico,VIVIENDA,ARRIESGADO,AHORRO,,BASICO,1 año,dependiente,644191,379030,NO,88
Shlpp,Imapdozui,777228,shlpp.imapdozui@hotmail.com,777228,43,Locutores de radio y televisión y afines,LIBERTAD_FINANCIERA,ARRIESGADO,AHORRO,,NINGUNO,1 mes,dependiente,483974,249754,SI,15
Zblmcf,Amahdxu,892786,zblmcf.amahdxu@outlook.com,892786,59,Farmacólogos,JUBILACION,ARRIESGADO,INVERSION,ACCIONES,NINGUNO,10 años,ambos,349035,305327,SI,75
Laekc,Zckubvyrql,241934,laekc.zckubvyrql@outlook.com,241934,22,Químico,IMPREVISTOS,CONSERVADOR,INVERSION,ETFS,BASICO,1 mes,dependiente,338353,204386,NO,61
Qwnp,Ohzucest,896576,qwnp.ohzucest@yahoo.com,896576,27,Ingeniero de telecomunicaciones,OTROS,CONSERVADOR,AHORRO,,AVANZADO,1 mes,ambos,620374,349897,SI,28
Yaxvw,Tdvizq,267213,yaxvw.tdvizq@yahoo.com,267213,20,Geólogo,LIBERTAD_FINANCIERA,MODERADO,INVERSION,ACCIONES,AVANZADO,10 años,dependiente,430428,282033,NO,42
Zrhl,Xufostikyx,951770,zrhl.xufostikyx@yahoo.com,951770,49,Soldador,JUBILACION,ARRIESGADO,INVERSION,BONOS,INTERMEDIO,1 mes,dependiente,372696,251678,NO,81
Rarwu,Migjuf,123745,rarwu.migjuf@yahoo.com,123745,59,Mozos y taberneros,JUBILACION,MODERADO,INVERSION,OTROS,BASICO,10 años,independiente,837656,538478,NO,80
Ypymdai,Gscmplz,948971,ypymdai.gscmplz@yahoo.com,948971,34,Ingeniero electricista,VACACIONES,ARRIESGADO,INVERSION,ETFS,INTERMEDIO,5 meses,ambos,701080,371594,SI,32
Lxmlbnok,Ntcwfss,804894,lxmlbnok.ntcwfss@gmail.com,804894,44,Modelos de moda,IMPREVISTOS,MODERADO,AHORRO,,AVANZADO,5 meses,independiente,577149,489811,SI,76
Lpoumrls,Ejscctqsh,749223,lpoumrls.ejscctqsh@gmail.com,749223,28,Sociólogos,OTROS,CONSERVADOR,AHORRO,,AVANZADO,1 año,dependiente,572625,427262,NO,1
Yjhtyxn,Qybuf,361906,yjhtyxn.qybuf@yahoo.com,361906,36,Psicólogos,EDUCACION,CONSERVADOR,INVERSION,ACCIONES,INTERMEDIO,10 años,ambos,471094,255551,NO,96
Hirk,Dikbro,685790,hirk.dikbro@outlook.com,685790,21,Veterinario,VIVIENDA,MODERADO,AHORRO,,NINGUNO,1 mes,dependiente,425761,310387,SI,13
Lutv,Ghqmr,881991,lutv.ghqmr@yahoo.com,881991,19,Mecánico,EDUCACION,ARRIESGADO,INVERSION,ACCIONES,AVANZADO,1 año,ambos,475206,367362,NO,28
Zxoh,Omjuljzxb,323026,zxoh.omjuljzxb@gmail.com,323026,28,Diseñador de interiores,JUBILACION,CONSERVADOR,AHORRO,,AVANZADO,10 años,ambos,289979,198170,SI,87
Jdzzivdg,Txsqj,111365,jdzzivdg.txsqj@outlook.com,111365,54,Recepcionista,JUBILACION,ARRIESGADO,INVERSION,OTROS,INTERMEDIO,1 mes,dependiente,802411,793568,NO,77
Rilidw,Qwxgatss,737271,rilidw.qwxgatss@outlook.com,737271,43,Ingeniero de telecomunicaciones,PROYECTOS_LARGO_PLAZO,ARRIESGADO,AHORRO,,AVANZADO,1 mes,dependiente,757371,669386,SI,42
Rnnuvyv,Tmzpjzq,546092,rnnuvyv.tmzpjzq@gmail.com,546092,25,Piloto,JUBILACION,ARRIESGADO,AHORRO,,BASICO,10 años,dependiente,485100,404247,SI,48
Ijiiup,Lbvcfgmrh,529740,ijiiup.lbvcfgmrh@hotmail.com,529740,66,Fisioterapeuta,IMPREVISTOS,MODERADO,INVERSION,ACCIONES,BASICO,1 año,dependiente,649780,364186,NO,68
Iytvoovb,Tlabwmd,384436,iytvoovb.tlabwmd@yahoo.com,384436,41,Profesionales del trabajo social,JUBILACION,CONSERVADOR,AHORRO,,BASICO,1 año,ambos,739824,430917,NO,35
Pvsd,Runrqmsq,347831,pvsd.runrqmsq@yahoo.com,347831,42,Agente de viaje,EDUCACION,MODERADO,AHORRO,,AVANZADO,1 año,dependiente,615956,362477,NO,3
Afnqissk,Fkggqzjo,960962,afnqissk.fkggqzjo@gmail.com,960962,32,Diseñador de interiores,VACACIONES,CONSERVADOR,INVERSION,OTROS,INTERMEDIO,1 año,dependiente,348539,288070,SI,44
Bxlg,Srfiygqj,625165,bxlg.srfiygqj@gmail.com,625165,70,Filósofos,PROYECTOS_LARGO_PLAZO,MODERADO,AHORRO,,NINGUNO,1 año,jubilación,832886,794116,SI,22
Deao,Rrnlmdpzo,650459,deao.rrnlmdpzo@yahoo.com,650459,66,Biólogo,JUBILACION,ARRIESGADO,INVERSION,CDF,INTERMEDIO,1 año,jubilación,810390,522308,NO,40
Vsxfuivh,Gdplj,196862,vsxfuivh.gdplj@yahoo.com,196862,31,Programador informático,PROYECTOS_LARGO_PLAZO,CONSERVADOR,AHORRO,,AVANZADO,5 meses,ambos,863483,458641,SI,17
Batpowei,Ewoqvhbru,831925,batpowei.ewoqvhbru@yahoo.com,831925,25,Bibliotecario,JUBILACION,ARRIESGADO,AHORRO,,INTERMEDIO,10 años,dependiente,437404,282331,NO,77
Zwvfrlfc,Odfjitd,496486,zwvfrlfc.odfjitd@outlook.com,496486,22,Bibliotecario,PROYECTOS_LARGO_PLAZO,MODERADO,AHORRO,,INTERMEDIO,1 año,ambos,640703,547083,NO,100
Mturdypd,Iqxldxne,883977,mturdypd.iqxldxne@yahoo.com,883977,53,Abogado,IMPREVISTOS,CONSERVADOR,AHORRO,,INTERMEDIO,5 meses,dependiente,680522,678655,NO,47
Uptxlw,Xsdant,567403,uptxlw.xsdant@yahoo.com,567403,63,Geólogo,IMPREVISTOS,CONSERVADOR,INVERSION,ACCIONES,NINGUNO,5 meses,dependiente,531875,526124,NO,77
Dmeio,Iodut,583885,dmeio.iodut@yahoo.com,583885,59,Policía,IMPREVISTOS,CONSERVADOR,AHORRO,,INTERMEDIO,1 mes,ambos,519498,391387,SI,76
Dvmrdo,Ytnba,257229,dvmrdo.ytnba@outlook.com,257229,58,Veterinario,JUBILACION,MODERADO,INVERSION,CDEARS,INTERMEDIO,10 años,independiente,493468,410865,NO,100
Hvjhzm,Nzqujptqmy,919494,hvjhzm.nzqujptqmy@hotmail.com,919494,46,Técnicos en seguridad aeronáutica,JUBILACION,MODERADO,INVERSION,BONOS,BASICO,5 meses,independiente,706472,365709,SI,47
Xojgdg,Cwempludk,304446,xojgdg.cwempludk@outlook.com,304446,49,Gerentes de empresas,PROYECTOS_LARGO_PLAZO,ARRIESGADO,AHORRO,,NINGUNO,1 año,ambos,758304,626867,SI,38
Uawgpr,Ufelfp,268940,uawgpr.ufelfp@outlook.com,268940,38,Diseñador de interiores,OTROS,ARRIESGADO,AHORRO,,NINGUNO,5 meses,dependiente,422523,407909,SI,80
Kpotrzm,Jqrgwsfjzd,466895,kpotrzm.jqrgwsfjzd@yahoo.com,466895,68,Ingeniero de telecomunicaciones,LIBERTAD_FINANCIERA,MODERADO,AHORRO,,BASICO,5 meses,dependiente,637829,629474,NO,37
Jvibhcr,Fzavruni,203548,jvibhcr.fzavruni@gmail.com,203548,67,Abogado,IMPREVISTOS,ARRIESGADO,AHORRO,,AVANZADO,1 mes,ambos,701557,694866,SI,16
Fbmjxp,Dbxfqkt,455467,fbmjxp.dbxfqkt@yahoo.com,455467,22,Coreógrafo,IMPREVISTOS,CONSERVADOR,AHORRO,,AVANZADO,1 año,ambos,449911,413212,SI,88
Vkzvomp,Phqoxzxsk,144501,vkzvomp.phqoxzxsk@hotmail.com,144501,45,Personal doméstico,JUBILACION,CONSERVADOR,INVERSION,ACCIONES,BASICO,1 mes,ambos,510955,478814,SI,32
Nbma,Lkconoz,353408,nbma.lkconoz@gmail.com,353408,39,Personal doméstico,JUBILACION,MODERADO,AHORRO,,INTERMEDIO,10 años,ambos,558252,294042,NO,47
Vlwshen,Mmidhh,113663,vlwshen.mmidhh@yahoo.com,113663,61,Operadores de equipos ópticos y electrónicos,PROYECTOS_LARGO_PLAZO,CONSERVADOR,AHORRO,,AVANZADO,5 meses,ambos,442439,224645,SI,11
Npps,Zvzmtosd,354084,npps.zvzmtosd@outlook.com,354084,20,Matemático,VIVIENDA,CONSERVADOR,AHORRO,,NINGUNO,1 año,independiente,875455,673453,SI,99
Ydzdd,Ddmau,384794,ydzdd.ddmau@hotmail.com,384794,68,Actor,EDUCACION,ARRIESGADO,INVERSION,OTROS,NINGUNO,1 año,dependiente,518655,363177,SI,56
Wuennjd,Kzhuqm,738870,wuennjd.kzhuqm@yahoo.com,738870,23,Diseñador de interiores,VIVIENDA,MODERADO,AHORRO,,AVANZADO,1 año,ambos,478033,291996,NO,92
Uswqsej,Jjunaeb,893903,uswqsej.jjunaeb@outlook.com,893903,41,,PROYECTOS_LARGO_PLAZO,ARRIESGADO,INVERSION,CDF,AVANZADO,5 meses,dependiente,307407,296309,NO,19
Wvwvj,Tidjrgcoo,978024,wvwvj.tidjrgcoo@outlook.com,978024,32,Arquitecto,VIVIENDA,ARRIESGADO,INVERSION,CDF,AVANZADO,1 mes,ambos,824197,568115,SI,90
Lsnif,Agwgeln,928391,lsnif.agwgeln@hotmail.com,928391,24,Programador informático,JUBILACION,ARRIESGADO,AHORRO,,NINGUNO,1 mes,dependiente,663321,375639,NO,37
Lhfpjp,Bgpedniux,493218,lhfpjp.bgpedniux@yahoo.com,493218,54,Técnico,OTROS,MODERADO,INVERSION,OTROS,BASICO,1 mes,independiente,794443,596555,NO,68
Jnautfg,Hkgpszz,498956,jnautfg.hkgpszz@outlook.com,498956,64,Ingeniero electricista,LIBERTAD_FINANCIERA,ARRIESGADO,INVERSION,BONOS,AVANZADO,5 meses,ambos,826600,713342,SI,89
Buiubst,Jlcijoaki,230889,buiubst.jlcijoaki@gmail.com,230889,62,Catador,IMPREVISTOS,CONSERVADOR,AHORRO,,NINGUNO,1 año,independiente,623352,469346,NO,86
Wkuts,Phqfnzd,906858,wkuts.phqfnzd@outlook.com,906858,47,Operador de máquina,JUBILACION,MODERADO,AHORRO,,NINGUNO,10 años,dependiente,361447,241527,NO,90
Wycxlln,Ttgvuyz,927542,wycxlln.ttgvuyz@outlook.com,927542,67,Conserje,LIBERTAD_FINANCIERA,ARRIESGADO,AHORRO,,NINGUNO,1 mes,ambos,722797,423851,NO,2
Qpqvkib,Cbrdtj,779989,qpqvkib.cbrdtj@hotmail.com,779989,32,Agentes comerciales y corredores,VACACIONES,ARRIESGADO,INVERSION,CDF,BASICO,1 mes,ambos,457240,361846,SI,85
Ygwv,Qfhyp,196576,ygwv.qfhyp@gmail.com,196576,33,Abogado,JUBILACION,CONSERVADOR,INVERSION,OTROS,NINGUNO,1 año,ambos,330029,290559,SI,50
Bsdjx,Qneahcszeh,611128,bsdjx.qneahcszeh@outlook.com,611128,49,Agente de bolsa,PROYECTOS_LARGO_PLAZO,CONSERVADOR,AHORRO,,INTERMEDIO,1 año,dependiente,378575,190657,SI,95
Vprj,Tifvxu,839296,vprj.tifvxu@yahoo.com,839296,32,Operadores de equipos de radiodifusión,EDUCACION,MODERADO,AHORRO,,INTERMEDIO,5 meses,ambos,427973,231393,NO,34
Ukbfdyi,Gebpwl,177968,ukbfdyi.gebpwl@outlook.com,177968,34,Chapistas y caldereros,OTROS,MODERADO,INVERSION,ACCIONES,NINGUNO,5 meses,ambos,617793,402111,SI,72
Kyhwb,Ltzagkvxui,805929,kyhwb.ltzagkvxui@gmail.com,805929,23,Secretaria,LIBERTAD_FINANCIERA,CONSERVADOR,INVERSION,OTROS,BASICO,1 mes,dependiente,479576,277249,NO,3
Cxmkbaj,Tqjniyo,515416,cxmkbaj.tqjniyo@hotmail.com,515416,41,Agentes público,VIVIENDA,ARRIESGADO,INVERSION,BONOS,BASICO,1 mes,independiente,379504,254147,NO,46
Eicvuh,Xbfzbem,757646,eicvuh.xbfzbem@yahoo.com,757646,65,Psicólogos,IMPREVISTOS,CONSERVADOR,AHORRO,,NINGUNO,1 mes,independiente,547543,536447,SI,36
Bzychfey,Gibzwqvfc,516203,bzychfey.gibzwqvfc@gmail.com,516203,32,Directores general,VACACIONES,MODERADO,INVERSION,BONOS,NINGUNO,10 años,independiente,556237,395222,SI,99
Wdehdxs,Ynnqckjy,508929,wdehdxs.ynnqckjy@yahoo.com,508929,30,Locutores de radio y televisión y afines,IMPREVISTOS,ARRIESGADO,INVERSION,OTROS,INTERMEDIO,10 años,ambos,733751,662867,NO,1
Pbhp,Zftxoatp,695385,pbhp.zftxoatp@hotmail.com,695385,45,Agentes comerciales y corredores,OTROS,ARRIESGADO,AHORRO,,INTERMEDIO,10 años,ambos,744068,710682,NO,26
Mkwy,Jwogucijgj,961609,mkwy.jwogucijgj@hotmail.com,961609,69,Músico,VACACIONES,MODERADO,INVERSION,BONOS,INTERMEDIO,5 meses,ambos,386484,281130,NO,86
Amrnhb,Bivxk,815755,amrnhb.bivxk@outlook.com,815755,21,,LIBERTAD_FINANCIERA,ARRIESGADO,AHORRO,,AVANZADO,10 años,ambos,894653,717450,NO,50
Xwrvl,Pcfke,321132,xwrvl.pcfke@hotmail.com,321132,34,Conserje,VACACIONES,MODERADO,INVERSION,ETFS,BASICO,10 años,independiente,776725,771414,NO,62
Jfwzx,Rgfhmhlfhn,286371,jfwzx.rgfhmhlfhn@gmail.com,286371,35,Agente inmobiliario,IMPREVISTOS,ARRIESGADO,INVERSION,CDEARS,INTERMEDIO,1 año,dependiente,295991,261959,NO,70
Duljhf,Igngo,892084,duljhf.igngo@yahoo.com,892084,37,Locutores de radio y televisión y afines,OTROS,ARRIESGADO,INVERSION,OTROS,NINGUNO,1 año,ambos,562614,389329,NO,45
Klwqg,Moyvjcvq,999883,klwqg.moyvjcvq@outlook.com,999883,24,Recepcionista,JUBILACION,ARRIESGADO,INVERSION,ACCIONES,NINGUNO,5 meses,ambos,791112,651870,SI,3
Pevi,Ykpbcvjxki,626745,pevi.ykpbcvjxki@outlook.com,626745,20,Policía,JUBILACION,MODERADO,AHORRO,,INTERMEDIO,10 años,independiente,737242,688277,NO,86
Rczaz,Eqgblml,299405,rczaz.eqgblml@gmail.com,299405,49,Odontólogo,JUBILACION,CONSERVADOR,AHORRO,,INTERMEDIO,1 año,independiente,853423,450885,NO,17
Frrqyw,Fzqtaqdo,705791,frrqyw.fzqtaqdo@gmail.com,705791,39,Creadores y analistas de sistemas informáticos,OTROS,CONSERVADOR,INVERSION,CDEARS,BASICO,10 años,ambos,306223,300721,NO,99
Uolz,Qvjcr,956762,uolz.qvjcr@hotmail.com,956762,53,Técnico,JUBILACION,ARRIESGADO,AHORRO,,BASICO,1 mes,dependiente,726390,382071,NO,6
Sazirue,Ycupjeii,762651,sazirue.ycupjeii@yahoo.com,762651,22,Asistente veterinario,OTROS,MODERADO,AHORRO,,NINGUNO,1 año,dependiente,616158,549829,SI,68
Mzseys,Yuptecph,392020,mzseys.yuptecph@hotmail.com,392020,52,Técnico,PROYECTOS_LARGO_PLAZO,MODERADO,INVERSION,OTROS,AVANZADO,5 meses,dependiente,307875,263832,NO,70
Aajl,Fqyiuu,464243,aajl.fqyiuu@outlook.com,464243,64,Locutores de radio y televisión y afines,VIVIENDA,CONSERVADOR,INVERSION,BONOS,BASICO,10 años,ambos,452827,299303,NO,96
Dhrtzqat,Nuunlsmmpi,821426,dhrtzqat.nuunlsmmpi@yahoo.com,821426,41,Mozos y taberneros,JUBILACION,ARRIESGADO,INVERSION,OTROS,AVANZADO,5 meses,dependiente,698267,649922,SI,6
Hafh,Iuielmkc,273991,hafh.iuielmkc@outlook.com,273991,41,Cartógrafos y agrimensores,OTROS,ARRIESGADO,AHORRO,,BASICO,10 años,dependiente,364464,316630,NO,11
Ktsyqys,Dytkq,833634,ktsyqys.dytkq@hotmail.com,833634,49,Directores general,JUBILACION,MODERADO,INVERSION,CDEARS,INTERMEDIO,1 mes,ambos,567496,398723,SI,23
Pskpotav,Uybjby,445586,pskpotav.uybjby@hotmail.com,445586,20,Operador,VIVIENDA,CONSERVADOR,INVERSION,BONOS,AVANZADO,1 mes,ambos,711910,511571,SI,11
Clhempm,Raaiu,900426,clhempm.raaiu@yahoo.com,900426,49,Químico,IMPREVISTOS,MODERADO,INVERSION,BONOS,BASICO,5 meses,independiente,668907,661337,SI,46
Llmjoyn,Xrtfunjaas,630741,llmjoyn.xrtfunjaas@yahoo.com,630741,24,Conserje,EDUCACION,MODERADO,INVERSION,CDEARS,INTERMEDIO,1 año,dependiente,781046,649064,SI,69
Lvaz,Uqkxvlo,578669,lvaz.uqkxvlo@gmail.com,578669,21,,IMPREVISTOS,CONSERVADOR,AHORRO,,INTERMEDIO,1 año,dependiente,868385,445208,SI,13
Xwzqnk,Rjwrz,221783,xwzqnk.rjwrz@hotmail.com,221783,39,Coreógrafo,EDUCACION,CONSERVADOR,INVERSION,ETFS,INTERMEDIO,1 mes,dependiente,832420,471276,NO,93
Wrih,Gyctrel,341797,wrih.gyctrel@hotmail.com,341797,44,Agentes comerciales y corredores,IMPREVISTOS,ARRIESGADO,AHORRO,,BASICO,5 meses,ambos,553220,452817,SI,97
Vslkoahp,Ljdbdvzd,323422,vslkoahp.ljdbdvzd@outlook.com,323422,41,Geólogo,EDUCACION,ARRIESGADO,INVERSION,ETFS,BASICO,1 mes,dependiente,763233,615028,SI,23
Yfmptm,Gdicdeszfz,147337,yfmptm.gdicdeszfz@gmail.com,147337,68,Filósofos,JUBILACION,ARRIESGADO,INVERSION,CDF,BASICO,10 años,dependiente,729000,571564,SI,15
Lddb,Pezikusfv,414185,lddb.pezikusfv@yahoo.com,414185,61,Matemático,VIVIENDA,ARRIESGADO,AHORRO,,NINGUNO,1 mes,dependiente,443002,298691,SI,37
Moozbi,Wewucjgyjl,801970,moozbi.wewucjgyjl@gmail.com,801970,20,Cocinero,PROYECTOS_LARGO_PLAZO,ARRIESGADO,INVERSION,CDF,INTERMEDIO,10 años,dependiente,690865,451983,NO,4
Ibvjt,Wgeusw,539324,ibvjt.wgeusw@outlook.com,539324,58,Ingenieros de minas,JUBILACION,CONSERVADOR,INVERSION,CDF,AVANZADO,5 meses,independiente,386895,272945,SI,47
Pygkrj,Bhbyltdu,484939,pygkrj.bhbyltdu@yahoo.com,484939,45,Economista,LIBERTAD_FINANCIERA,CONSERVADOR,AHORRO,,AVANZADO,1 mes,independiente,514599,504211,NO,51
Wpwrd,Aljbv,512805,wpwrd.aljbv@gmail.com,512805,47,Mozos y taberneros,IMPREVISTOS,ARRIESGADO,AHORRO,,INTERMEDIO,1 año,independiente,770914,400602,SI,42
Ixzio,Ncndxsem,571123,ixzio.ncndxsem@yahoo.com,571123,68,Coreógrafo,PROYECTOS_LARGO_PLAZO,ARRIESGADO,AHORRO,,NINGUNO,10 años,dependiente,421553,225987,SI,13
Jtfoyax,Jisxo,307381,jtfoyax.jisxo@gmail.com,307381,30,Agente de viaje,PROYECTOS_LARGO_PLAZO,ARRIESGADO,INVERSION,ETFS,NINGUNO,10 años,dependiente,622381,494271,SI,9
Fxulmxhp,Awtdeuz,592396,fxulmxhp.awtdeuz@gmail.com,592396,69,Operadores de equipos de radiodifusión,EDUCACION,ARRIESGADO,INVERSION,CDF,AVANZADO,1 año,dependiente,392456,335191,SI,4
Dyse,Hzebr,583490,dyse.hzebr@gmail.com,583490,59,Mecánico,LIBERTAD_FINANCIERA,MODERADO,INVERSION,OTROS,NINGUNO,5 meses,independiente,590093,468218,NO,44
Bsoba,Auhkbaaank,524981,bsoba.auhkbaaank@yahoo.com,524981,30,Recepcionista,JUBILACION,CONSERVADOR,AHORRO,,AVANZADO,10 años,dependiente,456234,448659,SI,82